Workbook

Sheet horarios BBDD
A1: Horario | B1: Horas
A2: 10:00 - 16:00 | B2: 6
A3: 10:00 - 15:00 y 16:00 - 20:00 | B3: 9
A4: LIBRE | B4: 0
A5: 10:00 - 15:00 | B5: 5
A6: 11:00 - 15:00 y 16:00 - 20:00 | B6: 8
A7: 11:00 - 14:00 y 16:00 - 22:00 | B7: 9
A8: 11:00 - 15:00 | B8: 4
A9: 16:00 - 21:00 | B9: 5
A10: 11:00 - 14:00 Y 16:00 - 21:00 | B10: 8
A11: 10:00 - 14:00 y 17:00 - 21:00 | B11: 8
A12: 16:00 - 20:00 | B12: 4
A13: 17:00 - 21:00 | B13: 4
... A78: 10:30 - 13:30 y 16:00 - 21:00 | B78: 8

Sheet VACACIONES
F2: =CONCAT("W ",ISOWEEKNUM(F3)) -> W 40 | K2: =CONCAT("W ",ISOWEEKNUM(K3)) -> W 41 | R2: =CONCAT("W ",ISOWEEKNUM(R3)) -> W 42 | Y2: =CONCAT("W ",ISOWEEKNUM(Y3)) -> W 43 | AF2: =CONCAT("W ",ISOWEEKNUM(AF3)) -> W 44 | AM2: =CONCAT("W ",ISOWEEKNUM(AM3)) -> W 45 | AT2: =CONCAT("W ",ISOWEEKNUM(AT3)) -> W 46 | BA2: =CONCAT("W ",ISOWEEKNUM(BA3)) -> W 47 | BH2: =CONCAT("W ",ISOWEEKNUM(BH3)) -> W 48 | BO2: =CONCAT("W ",ISOWEEKNUM(BO3)) -> W 49 | BV2: =CONCAT("W ",ISOWEEKNUM(BV3)) -> W 50 | CC2: =CONCAT("W ",ISOWEEKNUM(CC3)) -> W 51 | CJ2: =CONCAT("W ",ISOWEEKNUM(CJ3)) -> W 52 | CQ2: =CONCAT("W ",ISOWEEKNUM(CQ3)) -> W 1
A3: CENTRO | B3: GPV | C3: HORAS | D3: Promotor | E3: Telefono | F3: 45931 | G3: 45932 | H3: 45933 | I3: 45934 | J3: 45935 | K3: 45936 | L3: 45937 | M3: 45938 | N3: 45939 | O3: 45940 | P3: 45941 | Q3: 45942 | R3: 45943 | S3: 45944 | T3: 45945 | U3: 45946 | V3: 45947 | W3: 45948 | X3: 45949 | Y3: 45950 | Z3: 45951 | AA3: 45952 | AB3: 45953 | AC3: 45954 | AD3: 45955 | AE3: 45956 | AF3: 45957 | AG3: 45958 | AH3: 45959 | AI3: 45960 | AJ3: 45961 | AK3: 45962 | AL3: 45963 | AM3: 45964 | AN3: 45965 | AO3: 45966 | AP3: 45967 | AQ3: 45968 | AR3: 45969 | AS3: 45970 | AT3: 45971 | AU3: 45972 | AV3: 45973 | AW3: 45974 | AX3: 45975 | AY3: 45976 | AZ3: 45977 | BA3: 45978 | BB3: 45979 | BC3: 45980 | BD3: 45981 | BE3: 45982 | BF3: 45983 | BG3: 45984 | BH3: 45985 | BI3: 45986 | BJ3: 45987 | BK3: 45988 | BL3: 45989 | BM3: 45990 | BN3: 45991 | BO3: 45992 | BP3: 45993 | BQ3: 45994 | BR3: 45995 | BS3: 45996 | BT3: 45997 | BU3: 45998 | BV3: 45999 | BW3: 46000 | BX3: 46001 | BY3: 46002 | BZ3: 46003 | CA3: 46004 | CB3: 46005 | CC3: 46006 | CD3: 46007 | CE3: 46008 | CF3: 46009 | CG3: 46010 | CH3: 46011 | CI3: 46012 | CJ3: 46013 | CK3: 46014 | CL3: 46015 | CM3: 46016 | CN3: 46017 | CO3: 46018 | CP3: 46019 | CQ3: 46020 | CR3: 46021 | CS3: 46022
A4: ECI CORNELLÁ | C4: 40 | D4: ABRIL | E4: 696240297
A5: ECI PLAZA DEL DUQUE | C5: 40 | D5: CLARIBEL | E5: 648707154
A6: ECI RONDA CÓRDOBA | C6: 40 | D6: MIGUEL | E6: 619911709
A7: ECI ÁLCALA DE HENARES | C7: 40 | D7: NOELIA
A8: ECI A CORUÑA | C8: 40 | D8: ALEJANDRO | E8: 609124351
A9: ECI HUELVA | C9: 40 | D9: MARIO | E9: 616238557
A10: ECI LEÓN | C10: 40 | D10: GRACIELA | E10: 669910323
A11: ECI SALAMANCA | C11: 40 | D11: ALISON | E11: 660956572
A12: ECI SAN JOSÉ DE VALDERAS | C12: 40 | D12: ZEVALLOS | E12: 620482634
A13: ECI BAHÍA MÁLAGA | C13: 40 | D13: DAVID | E13: 669748156
A14: ECI COSTA MIJAS | C14: 40 | D14: CARLOS | E14: 689765147
A15: ECI ZARAGOZA ( SAGASTA) | C15: 40 | D15: ESTELA | E15: 669069016
A16: ECI PAMPLONA | C16: 40 | D16: ANNE | E16: 604216203
A17: ECI TALAVERA | C17: 40 | D17: LAURA | E17: 636617230
A18: ECI GUADALAJARA | C18: 40 | D18: DARWIN | E18: 680820970
C19: 40 | E19: 660956572
C20: 40 | E20: 679755778
C21: 40 | E21: 649829706
C22: 40 | E22: 676986157
C23: 40 | E23: 639365901
C24: 40 | E24: 691224926
C25: 40 | E25: 608183544
C26: 40 | E26: 630200841
C27: 40 | E27: 648703793
C28: 40 | E28: 638770422
C29: 40 | E29: 682535258
C30: 40 | E30: 638056966
... C34: 40 | E34: 630412945
C35: 40
C36: 40 | E36: 680396554
C37: 40 | E37: 638099194
C38: 40 | E38: 656408637
C39: 40 | E39: 630467357
C40: 40 | E40: 608418184
C41: 40 | E41: 686844158
C42: 40 | E42: 689441653
C43: 40 | E43: 636675598
C44: 40

Sheet incidencias W45
A3: CENTRO | B3: Promotor | C3: Lunes | F3: Martes | I3: Miercoles | L3: Jueves | O3: Viernes | R3: Sabado | U3: Domingo | X3: total
A4: ECI CORNELLÁ | B4: ABRIL | C4: LIBRE | D4: 0 | F4: 12:00 - 14:00 y 15:00 - 21:00 | G4: 8 | I4: 12:00 - 14:00 y 15:00 - 21:00 | J4: 8 | L4: 12:00 - 14:00 y 15:00 - 21:00 | M4: 8 | O4: 12:00 - 14:00 y 15:00 - 21:00 | P4: 8 | R4: 12:00 - 14:00 y 15:00 - 21:00 | S4: 8 | U4: LIBRE | V4: 0 | X4: 40
A5: ECI PLAZA DEL DUQUE | B5: CLARIBEL | C5: LIBRE | D5: 0 | F5: 12:00 - 14:00 y 15:00 - 21:00 | G5: 8 | I5: 12:00 - 14:00 y 15:00 - 21:00 | J5: 8 | L5: 12:00 - 14:00 y 15:00 - 21:00 | M5: 8 | O5: 12:00 - 14:00 y 15:00 - 21:00 | P5: 8 | R5: 12:00 - 14:00 y 15:00 - 21:00 | S5: 8 | U5: LIBRE | V5: 0 | X5: 40
A6: ECI RONDA CÓRDOBA | B6: MIGUEL | C6: LIBRE | D6: 0 | F6: 12:00 - 15:00 y 16:00 - 21:00 | G6: 8 | I6: 12:00 - 15:00 y 16:00 - 21:00 | J6: 8 | L6: 12:00 - 15:00 y 16:00 - 21:00 | M6: 8 | O6: 12:00 - 15:00 y 16:00 - 21:00 | P6: 8 | R6: 12:00 - 15:00 y 16:00 - 21:00 | S6: 8 | U6: LIBRE | V6: 0 | X6: 40
A7: ECI ÁLCALA DE HENARES | B7: NOELIA | C7: LIBRE | D7: 0 | F7: LIBRE | G7: 0 | I7: 12:00 - 14:00 y 15:00 - 21:00 | J7: 8 | L7: 12:00 - 14:00 y 15:00 - 21:00 | M7: 8 | O7: 12:00 - 14:00 y 15:00 - 21:00 | P7: 8 | R7: 12:00 - 14:00 y 15:00 - 21:00 | S7: 8 | U7: 12:00 - 14:00 y 15:00 - 21:00 | V7: 8 | X7: 40
A8: ECI A CORUÑA | B8: ALEJANDRO | C8: 12:00 - 14:00 y 15:00 - 21:00 | D8: 8 | F8: 12:00 - 14:00 y 15:00 - 21:00 | G8: 8 | I8: LIBRE | J8: 0 | L8: 12:00 - 14:00 y 15:00 - 21:00 | M8: 8 | O8: 12:00 - 14:00 y 15:00 - 21:00 | P8: 8 | R8: 12:00 - 14:00 y 15:00 - 21:00 | S8: 8 | U8: LIBRE | V8: 0 | X8: 40
A9: ECI HUELVA | B9: MARIO | C9: 10:30 - 13:30 y 16:00 - 21:00 | D9: 8 | F9: 10:30 - 13:30 y 16:00 - 21:00 | G9: 8 | I9: LIBRE | J9: 0 | L9: 10:30 - 13:30 y 16:00 - 21:00 | M9: 8 | O9: 10:00 - 14:00 y 17:00 - 21:00 | P9: 8 | R9: 10:00 - 14:00 y 17:00 - 21:00 | S9: 8 | U9: LIBRE | V9: 0 | X9: 40
A10: ECI LEÓN | B10: GRACIELA | C10: 12:00 - 14:00 y 15:00 - 21:00 | D10: 8 | F10: 12:00 - 14:00 y 15:00 - 21:00 | G10: 8 | I10: LIBRE | J10: 0 | L10: 12:00 - 14:00 y 15:00 - 21:00 | M10: 8 | O10: 12:00 - 14:00 y 15:00 - 21:00 | P10: 8 | R10: 12:00 - 14:00 y 15:00 - 21:00 | S10: 8 | U10: LIBRE | V10: 0 | X10: 40
A11: ECI SALAMANCA | B11: ALISON | C11: 12:00 - 14:00 y 15:00 - 21:00 | D11: 8 | F11: 12:00 - 14:00 y 15:00 - 21:00 | G11: 8 | I11: LIBRE | J11: 0 | L11: 12:00 - 14:00 y 15:00 - 21:00 | M11: 8 | O11: 12:00 - 14:00 y 15:00 - 21:00 | P11: 8 | R11: 12:00 - 14:00 y 15:00 - 21:00 | S11: 8 | U11: LIBRE | V11: 0 | X11: 40
A12: ECI SAN JOSÉ DE VALDERAS | B12: ZEVALLOS | C12: LIBRE | D12: 0 | F12: LIBRE | G12: 0 | I12: 12:00 - 15:00 y 16:00 - 21:00 | J12: 8 | L12: 12:00 - 15:00 y 16:00 - 21:00 | M12: 8 | O12: 12:00 - 15:00 y 16:00 - 21:00 | P12: 8 | R12: 12:00 - 15:00 y 16:00 - 21:00 | S12: 8 | U12: 12:00 - 15:00 y 16:00 - 21:00 | V12: 8 | X12: 40
A13: ECI BAHÍA MÁLAGA | B13: DAVID | C13: 12:00 - 14:00 y 15:00 - 21:00 | D13: 8 | F13: LIBRE | G13: 0 | I13: 12:00 - 14:00 y 15:00 - 21:00 | J13: 8 | L13: 12:00 - 14:00 y 15:00 - 21:00 | M13: 8 | O13: 12:00 - 14:00 y 15:00 - 21:00 | P13: 8 | R13: 12:00 - 14:00 y 15:00 - 21:00 | S13: 8 | U13: LIBRE | V13: 0 | X13: 40
A14: ECI COSTA MIJAS | B14: BRYAN | C14: LIBRE | D14: 0 | F14: 12:00 - 14:00 y 15:00 - 21:00 | G14: 8 | I14: 12:00 - 14:00 y 15:00 - 21:00 | J14: 8 | L14: 12:00 - 14:00 y 15:00 - 21:00 | M14: 8 | O14: 12:00 - 14:00 y 15:00 - 21:00 | P14: 8 | R14: 12:00 - 14:00 y 15:00 - 21:00 | S14: 8 | U14: LIBRE | V14: 0 | X14: 40
A15: ECI ZARAGOZA ( SAGASTA) | B15: ESTELA | C15: 12:00 - 14:00 y 15:00 - 21:00 | D15: 8 | F15: LIBRE | G15: 0 | I15: 12:00 - 14:00 y 15:00 - 21:00 | J15: 8 | L15: 12:00 - 14:00 y 15:00 - 21:00 | M15: 8 | O15: 12:00 - 14:00 y 15:00 - 21:00 | P15: 8 | R15: 12:00 - 14:00 y 15:00 - 21:00 | S15: 8 | U15: LIBRE | V15: 0 | X15: 40
... A18: ECI GUADALAJARA | B18: DARVIN | C18: 12:00 - 14:00 y 15:00 - 21:00 | D18: 8 | F18: LIBRE | G18: 0 | I18: 12:00 - 14:00 y 15:00 - 21:00 | J18: 8 | L18: 12:00 - 14:00 y 15:00 - 21:00 | M18: 8 | O18: 12:00 - 14:00 y 15:00 - 21:00 | P18: 8 | R18: 12:00 - 14:00 y 15:00 - 21:00 | S18: 8 | U18: LIBRE | V18: 0 | X18: 40
A22: CENTRO | B22: Promotor | C22: Lunes 03 | F22: Martes 04 | I22: Miercoles 05 | L22: Jueves 06 | O22: Viernes 07 | R22: Sabado 08 | U22: Domingo 09 | X22: total
A23: ECI LEÓN | B23: GRACIELA | C23: 12:00 - 14:00 y 15:00 - 21:00 | D23: 8 | E23: Mesa rota, entró sin demos | F23: 12:00 - 14:00 y 15:00 - 21:00 | G23: 8 | H23: Demos en mesa repetidos x2 magic 7lite y x2 magic PAD 2/ Demo X5C falta | I23: LIBRE | J23: 0 | L23: 12:00 - 14:00 y 15:00 - 21:00 | M23: 8 | O23: 12:00 - 14:00 y 15:00 - 21:00 | P23: 8 | R23: 12:00 - 14:00 y 15:00 - 21:00 | S23: 8 | U23: LIBRE | V23: 0 | X23: 40
A24: ECI SALAMANCA | B24: ALISON | C24: 12:00 - 14:00 y 15:00 - 21:00 | D24: 8 | E24: Perdida de venta por no tener demo X5C | F24: 12:00 - 14:00 y 15:00 - 21:00 | G24: 8 | I24: LIBRE | J24: 0 | L24: 12:00 - 14:00 y 15:00 - 21:00 | M24: 8 | O24: 12:00 - 14:00 y 15:00 - 21:00 | P24: 8 | R24: 12:00 - 14:00 y 15:00 - 21:00 | S24: 8 | U24: LIBRE | V24: 0 | X24: 40
A25: ECI BAHÍA MÁLAGA | B25: DAVID | C25: 12:00 - 14:00 y 15:00 - 21:00 | D25: 8 | E25: Demos en mesa repetidos x2 magic 7lite y x2 magic PAD 2/ Demo X5C falta | F25: LIBRE | G25: 0 | I25: 12:00 - 14:00 y 15:00 - 21:00 | J25: 8 | K25: PIERDE VENTAS POR NO TENER STOCK DE MAGICPAD2 | L25: 12:00 - 14:00 y 15:00 - 21:00 | M25: 8 | O25: 12:00 - 14:00 y 15:00 - 21:00 | P25: 8 | R25: 12:00 - 14:00 y 15:00 - 21:00 | S25: 8 | U25: LIBRE | V25: 0 | X25: 40
A26: ECI COSTA MIJAS | B26: BRYAN | C26: LIBRE | D26: 0 | F26: 12:00 - 14:00 y 15:00 - 21:00 | G26: 8 | H26: Demos en mesa repetidos x2 magic 7lite y x2 magic PAD 2/ Demo X5C falta | I26: 12:00 - 14:00 y 15:00 - 21:00 | J26: 8 | K26: Vende X5C SIN DEMO | L26: 12:00 - 14:00 y 15:00 - 21:00 | M26: 8 | O26: 12:00 - 14:00 y 15:00 - 21:00 | P26: 8 | R26: 12:00 - 14:00 y 15:00 - 21:00 | S26: 8 | T26: PANTALLAS MESA APAGADAS | U26: LIBRE | V26: 0 | X26: 40
A27: ECI CORNELLÁ | B27: ABRIL | D27: 0 | F27: 12:00 - 14:00 y 15:00 - 21:00 | G27: 8 | H27: Falta stock H400 Pro / Escalerilla apagada / Demo X5C falta | I27: 12:00 - 14:00 y 15:00 - 21:00 | J27: 8 | K27: SIGUE CON LA ESCALERILLA APAGADA | L27: 12:00 - 14:00 y 15:00 - 21:00 | M27: 8 | N27: ALERTA PROTECCIÓN CIVIL | O27: 12:00 - 14:00 y 15:00 - 21:00 | P27: 8 | Q27: PIERDE VENTA POR FALTA DE STOCK 400 DESERT GOLD | R27: 12:00 - 14:00 y 15:00 - 21:00 | S27: 8 | T27: PIERDE VENTA DE X2 V5 POR TENER DEMO | U27: LIBRE | V27: 0 | X27: 40
A28: ECI RONDA CÓRDOBA | B28: MIGUEL | D28: 0 | G28: 8 | I28: 12:00 - 15:00 y 16:00 - 21:00 | J28: 8 | K28: MESA SIN CORRIENTE/ ALERTA NARANJA | L28: 12:00 - 15:00 y 16:00 - 21:00 | M28: 8 | N28: MESA SIN CORRIENTE/ ALERTA NARANJA | O28: 12:00 - 15:00 y 16:00 - 21:00 | P28: 8 | R28: 12:00 - 15:00 y 16:00 - 21:00 | S28: 8 | U28: LIBRE | V28: 0 | X28: 40
A29: ECI ÁLCALA DE HENARES | B29: NOELIA | D29: 0 | G29: 0 | I29: 12:00 - 14:00 y 15:00 - 21:00 | J29: 8 | K29: HONOR 400 SIN STOCK PIERDE VENTA | L29: 12:00 - 14:00 y 15:00 - 21:00 | M29: 8 | O29: 12:00 - 14:00 y 15:00 - 21:00 | P29: 8 | R29: 12:00 - 14:00 y 15:00 - 21:00 | S29: 8 | U29: LIBRE | V29: 8 | W29: LIBRA POR TEMAS PERSONALES ANTES DE LA INCORPORACIÓN | X29: 40
A30: ECI SAN JOSÉ DE VALDERAS | B30: ZEVALLOS | D30: 0 | G30: 0 | I30: 12:00 - 15:00 y 16:00 - 21:00 | J30: 8 | K30: PIERDE VENTA POR NO TENER STOCK MAGIC 7LITE 256GB/ H400/ FALTA DE DEMOS X5C | L30: 12:00 - 15:00 y 16:00 - 21:00 | M30: 8 | N30: FALTA DE CONOCIMIENTOS POR PARTE DE ECI SOBRE LA MARCA, NO TIENEN CONFIANZA | O30: 12:00 - 15:00 y 16:00 - 21:00 | P30: 8 | Q30: PIERDE VENTA POR FALTA DE STOCK 400 | R30: 12:00 - 15:00 y 16:00 - 21:00 | S30: 8 | U30: 12:00 - 15:00 y 16:00 - 21:00 | V30: 0 | X30: 40
A31: ECI TALAVERA | B31: LAURA | D31: 8 | G31: 8 | I31: LIBRE | J31: 0 | L31: 12:00 - 14:00 y 15:00 - 21:00 | M31: 8 | N31: NO ENTRA PORQUE NO ESTA LA TIENDA MONTADA | O31: 12:00 - 14:00 y 15:00 - 21:00 | P31: 8 | R31: 12:00 - 14:00 y 15:00 - 21:00 | S31: 8 | U31: LIBRE | V31: 0 | X31: 40
A32: ECI GUADALAJARA | B32: DARWIN | D32: 8 | G32: 0 | I32: 12:00 - 14:00 y 15:00 - 21:00 | J32: 8 | K32: ENTRA SIN MESA NI ESCALERILLAS | L32: 12:00 - 14:00 y 15:00 - 21:00 | M32: 8 | O32: 12:00 - 14:00 y 15:00 - 21:00 | P32: 8 | R32: 12:00 - 14:00 y 15:00 - 21:00 | S32: 8 | U32: LIBRE | V32: 0 | X32: 40
A33: ECI PLAZA DEL DUQUE | B33: CLARIBEL | D33: 0 | G33: 8 | J33: 8 | M33: 8 | O33: 12:00 - 14:00 y 15:00 - 21:00 | P33: 8 | R33: 12:00 - 14:00 y 15:00 - 21:00 | S33: 8 | U33: LIBRE | V33: 0 | X33: 40
A34: ECI A CORUÑA | B34: ALEJANDRO | D34: 8 | G34: 8 | J34: 0 | M34: 8 | O34: 12:00 - 14:00 y 15:00 - 21:00 | P34: 8 | R34: 12:00 - 14:00 y 15:00 - 21:00 | S34: 8 | U34: LIBRE | V34: 0 | X34: 40
A35: ECI HUELVA | B35: MARIO | D35: 8 | G35: 8 | J35: 0 | M35: 8 | O35: 10:00 - 14:00 y 17:00 - 21:00 | P35: 8 | R35: 10:00 - 14:00 y 17:00 - 21:00 | S35: 8 | U35: LIBRE | V35: 0 | X35: 40
A36: ECI ZARAGOZA ( SAGASTA) | B36: ESTELA | D36: 8 | G36: 0 | J36: 8 | M36: 8 | O36: 12:00 - 14:00 y 15:00 - 21:00 | P36: 8 | Q36: SIN CORRIENTE EN LA MESA | R36: 12:00 - 14:00 y 15:00 - 21:00 | S36: 8 | U36: LIBRE | V36: 0 | X36: 40
A37: ECI PAMPLONA | B37: ANNE | D37: 8 | G37: 0 | J37: 8 | M37: 8 | O37: 11:00 - 14:00 y 16:00 - 21:00 | P37: 8 | R37: 11:00 - 14:00 y 16:00 - 21:00 | S37: 8 | U37: LIBRE | V37: 0 | X37: 40

Sheet BF horarios
A1: W48
A2: CENTRO | B2: Lunes | D2: Martes | F2: Miercoles | H2: Jueves | J2: Viernes | L2: Sabado | N2: Domingo | P2: total | Q2: Comentarios
A3: ECI LEÓN | B3: 12:00 - 14:00 y 15:00 - 21:00 | C3: 8 | D3: 12:00 - 14:00 y 15:00 - 21:00 | E3: 8 | F3: LIBRE | G3: 0 | H3: 12:00 - 14:00 y 15:00 - 21:00 | I3: 8 | J3: 12:00 - 14:00 y 15:00 - 21:00 | K3: 8 | L3: 12:00 - 14:00 y 15:00 - 21:00 | M3: 8 | N3: LIBRE | O3: 0 | P3: =SUM(C3+E3+G3+I3+K3+M3+O3) -> 40
A4: ECI COSTA MIJAS | B4: LIBRE | C4: 0 | D4: LIBRE | E4: 0 | F4: 12:00 - 14:00 y 15:00 - 21:00 | G4: 8 | H4: 12:00 - 14:00 y 15:00 - 21:00 | I4: 8 | J4: 12:00 - 14:00 y 15:00 - 21:00 | K4: 8 | L4: 12:00 - 14:00 y 15:00 - 21:00 | M4: 8 | N4: 12:00 - 15:00 y 16:00 - 21:00 | O4: 8 | P4: =SUM(C4+E4+G4+I4+K4+M4+O4) -> 40
A5: ECI BAHÍA MÁLAGA | B5: LIBRE | C5: 0 | D5: 11:00 - 14:00 y 16:00 - 21:00 | E5: 8 | F5: 11:00 - 14:00 y 16:00 - 21:00 | G5: 8 | H5: 11:00 - 14:00 y 16:00 - 21:00 | I5: 8 | J5: 11:00 - 14:00 y 16:00 - 21:00 | K5: 8 | L5: 11:00 - 14:00 y 16:00 - 21:00 | M5: 8 | N5: 11:00 - 14:00 y 16:00 - 21:00 | O5: 8 | P5: =SUM(C5+E5+G5+I5+K5+M5+O5) -> 48
A6: ECI CORNELLÁ | B6: 12:00 - 14:00 y 15:00 - 21:00 | C6: 8 | D6: 12:00 - 14:00 y 15:00 - 21:00 | E6: 8 | F6: 12:00 - 14:00 y 15:00 - 21:00 | G6: 8 | H6: 12:00 - 14:00 y 15:00 - 21:00 | I6: 8 | J6: 12:00 - 14:00 y 15:00 - 21:00 | K6: 8 | L6: 12:00 - 14:00 y 15:00 - 21:00 | M6: 8 | N6: LIBRE | O6: 0 | P6: =SUM(C6+E6+G6+I6+K6+M6+O6) -> 48
A7: ECI PLAZA DEL DUQUE | B7: LIBRE | C7: 0 | D7: 12:00 - 14:00 y 15:00 - 21:00 | E7: 8 | F7: 12:00 - 14:00 y 15:00 - 21:00 | G7: 8 | H7: 12:00 - 14:00 y 15:00 - 21:00 | I7: 8 | J7: 12:00 - 14:00 y 15:00 - 21:00 | K7: 8 | L7: 12:00 - 14:00 y 15:00 - 21:00 | M7: 8 | N7: 12:00 - 14:00 y 15:00 - 21:00 | O7: 8 | P7: =SUM(C7+E7+G7+I7+K7+M7+O7) -> 48 | Q7: Tiene médico a las 12:00, (26/11/25)
A8: ECI TALAVERA | B8: 12:00 - 14:00 y 15:00 - 21:00 | C8: 8 | D8: LIBRE | E8: 0 | F8: 12:00 - 14:00 y 15:00 - 21:00 | G8: 0 | H8: 12:00 - 14:00 y 15:00 - 21:00 | I8: 8 | J8: 12:00 - 14:00 y 15:00 - 21:00 | K8: 8 | L8: 12:00 - 14:00 y 15:00 - 21:00 | M8: 8 | N8: 12:00 - 14:00 y 15:00 - 21:00 | O8: 8 | P8: =SUM(C8+E8+G8+I8+K8+M8+O8) -> 40
A9: ECI ZARAGOZA ( SAGASTA) | B9: 12:00 - 14:00 y 15:00 - 21:00 | C9: 8 | D9: LIBRE | E9: 0 | F9: 12:00 - 14:00 y 15:00 - 21:00 | G9: 8 | H9: 12:00 - 14:00 y 15:00 - 21:00 | I9: 8 | J9: 12:00 - 14:00 y 15:00 - 21:00 | K9: 8 | L9: 12:00 - 14:00 y 15:00 - 21:00 | M9: 8 | N9: 12:00 - 15:00 y 16:00 - 21:00 | O9: 8 | P9: =SUM(C9+E9+G9+I9+K9+M9+O9) -> 48
A10: ECI ÁLCALA DE HENARES | B10: LIBRE | C10: 0 | D10: 12:00 - 14:00 y 15:00 - 21:00 | E10: 0 | F10: 12:00 - 14:00 y 15:00 - 21:00 | G10: 8 | H10: 12:00 - 14:00 y 15:00 - 21:00 | I10: 8 | J10: 12:00 - 14:00 y 15:00 - 21:00 | K10: 8 | L10: 12:00 - 14:00 y 15:00 - 21:00 | M10: 8 | N10: 12:00 - 14:00 y 15:00 - 21:00 | O10: 8 | P10: =SUM(C10+E10+G10+I10+K10+M10+O10) -> 40
A11: ECI RONDA CÓRDOBA | B11: 12:00 - 15:00 y 16:00 - 21:00 | C11: 8 | D11: 12:00 - 15:00 y 16:00 - 21:00 | E11: 8 | F11: 12:00 - 15:00 y 16:00 - 21:00 | G11: 5 | H11: 12:00 - 15:00 y 16:00 - 21:00 | I11: 8 | J11: 12:00 - 15:00 y 16:00 - 21:00 | K11: 8 | L11: 12:00 - 15:00 y 16:00 - 21:00 | M11: 8 | N11: LIBRE | O11: 0 | P11: =SUM(C11+E11+G11+I11+K11+M11+O11) -> 45
A12: ECI SALAMANCA | B12: 12:00 - 14:00 y 15:00 - 21:00 | C12: 8 | D12: 12:00 - 14:00 y 15:00 - 21:00 | E12: 8 | F12: 12:00 - 14:00 y 15:00 - 21:00 | G12: 8 | H12: 12:00 - 14:00 y 15:00 - 21:00 | I12: 8 | J12: 12:00 - 14:00 y 15:00 - 21:00 | K12: 8 | L12: 12:00 - 14:00 y 15:00 - 21:00 | M12: 8 | N12: LIBRE | O12: 0 | P12: =SUM(C12+E12+G12+I12+K12+M12+O12) -> 48
A13: ECI GUADALAJARA | B13: 12:00 - 14:00 y 15:00 - 21:00 | C13: 8 | D13: 12:00 - 14:00 y 15:00 - 21:00 | E13: 8 | F13: 12:00 - 14:00 y 15:00 - 21:00 | G13: 8 | H13: 12:00 - 14:00 y 15:00 - 21:00 | I13: 8 | J13: 11:00 - 14:00 y 16:00 - 21:00 | K13: 8 | L13: 11:00 - 14:00 y 16:00 - 21:00 | M13: 8 | N13: 11:00 - 14:00 y 16:00 - 21:00 | O13: 8 | P13: =SUM(C13+E13+G13+I13+K13+M13+O13) -> 56 | Q13: Ha pedido modificar sus entradas para abarcar una hora antes la venta
A14: ECI HUELVA | B14: 10:30 - 13:30 y 16:00 - 21:00 | C14: 8 | D14: 10:30 - 13:30 y 16:00 - 21:00 | E14: 8 | F14: 10:30 - 13:30 y 16:00 - 21:00 | G14: 0 | H14: 10:30 - 13:30 y 16:00 - 21:00 | I14: 8 | J14: 10:00 - 14:00 y 17:00 - 21:00 | K14: 8 | L14: 10:00 - 14:00 y 17:00 - 21:00 | M14: 8 | N14: LIBRE | O14: 0 | P14: =SUM(C14+E14+G14+I14+K14+M14+O14) -> 40
A15: ECI A CORUÑA | B15: 12:00 - 14:00 y 15:00 - 21:00 | C15: 8 | D15: 12:00 - 14:00 y 15:00 - 21:00 | E15: 8 | F15: 12:00 - 14:00 y 15:00 - 21:00 | G15: 8 | H15: 12:00 - 14:00 y 15:00 - 21:00 | I15: 8 | J15: 12:00 - 14:00 y 15:00 - 21:00 | K15: 8 | L15: 12:00 - 14:00 y 15:00 - 21:00 | M15: 8 | N15: LIBRE | O15: 0 | P15: =SUM(C15+E15+G15+I15+K15+M15+O15) -> 48
A16: ECI PAMPLONA | B16: 11:00 - 14:00 y 16:00 - 21:00 | C16: 8 | D16: 11:00 - 14:00 y 16:00 - 21:00 | E16: 8 | F16: 11:00 - 16:00 y 18:00 a 21:00 | G16: 8 | H16: 11:00 - 14:00 y 16:00 - 21:00 | I16: 8 | J16: 11:00 - 14:00 y 16:00 - 21:00 | K16: 8 | L16: 11:00 - 14:00 y 16:00 - 21:00 | M16: 8 | N16: LIBRE | O16: 0 | P16: =SUM(C16+E16+G16+I16+K16+M16+O16) -> 48 | Q16: Tiene examen nacionalidad 16:30 (26/11/25)
A17: ECI SAN JOSÉ DE VALDERAS | B17: LIBRE | C17: 0 | D17: 12:00 - 15:00 y 16:00 - 21:00 | E17: 8 | F17: 12:00 - 15:00 y 16:00 - 21:00 | G17: 8 | H17: 12:00 - 15:00 y 16:00 - 21:00 | I17: 8 | J17: 12:00 - 15:00 y 16:00 - 21:00 | K17: 8 | L17: 12:00 - 15:00 y 16:00 - 21:00 | M17: 8 | N17: 12:00 - 15:00 y 16:00 - 21:00 | O17: 8 | P17: =SUM(C17+E17+G17+I17+K17+M17+O17) -> 48
A19: W49
A20: CENTRO | B20: Lunes 1 | D20: Martes 2 | F20: Miercoles 3 | H20: Jueves 4 | J20: Viernes 5 | L20: Sabado 6 | N20: Domingo 7 | P20: total | Q20: Comentarios
A21: ECI LEÓN | C21: 0 | E21: 0 | G21: 0 | H21: 12:00 - 14:00 y 15:00 - 21:00 | I21: 8 | J21: 12:00 - 14:00 y 15:00 - 21:00 | K21: 8 | L21: 12:00 - 14:00 y 15:00 - 21:00 | M21: 8 | N21: LIBRE | O21: =VLOOKUP(N21, 'horarios BBDD'!$A:$B,2,0) -> 0 | P21: =O21+M21+K21+I21+G21+E21+C21 -> 24
A22: ECI COSTA MIJAS | B22: 12:00 - 14:00 y 15:00 - 21:00 | C22: 8 | D22: 12:00 - 14:00 y 15:00 - 21:00 | E22: 8 | F22: LIBRE | G22: =VLOOKUP(F22, 'horarios BBDD'!$A:$B,2,0) -> 0 | H22: 12:00 - 14:00 y 15:00 - 21:00 | I22: 8 | J22: 12:00 - 15:00 y 16:00 - 21:00 | K22: 8 | L22: 12:00 - 15:00 y 16:00 - 21:00 | M22: 8 | N22: LIBRE | O22: =VLOOKUP(N22, 'horarios BBDD'!$A:$B,2,0) -> 0 | P22: =O22+M22+K22+I22+G22+E22+C22 -> 40 | Q22: día de libranza modificado por libranza de la competencia
A23: ECI BAHÍA MÁLAGA | B23: 11:00 - 14:00 y 16:00 - 21:00 | C23: 8 | D23: 12:00 - 14:00 y 15:00 - 21:00 | E23: 8 | F23: LIBRE | G23: =VLOOKUP(F23, 'horarios BBDD'!$A:$B,2,0) -> 0 | H23: LIBRE | I23: =VLOOKUP(H23, 'horarios BBDD'!$A:$B,2,0) -> 0 | J23: 11:00 - 14:00 y 16:00 - 21:00 | K23: 8 | L23: LIBRE | M23: 8 | N23: LIBRE | O23: 0 | P23: =O23+M23+K23+I23+G23+E23+C23 -> 32 | Q23: día de libranza modificado por libranza de la competencia
A24: ECI CORNELLÁ | B24: 12:00 - 14:00 y 15:00 - 21:00 | C24: 8 | D24: LIBRE | E24: =VLOOKUP(D24, 'horarios BBDD'!$A:$B,2,0) -> 0 | F24: 12:00 - 14:00 y 15:00 - 21:00 | G24: 8 | H24: LIBRE | I24: =VLOOKUP(H24, 'horarios BBDD'!$A:$B,2,0) -> 0 | J24: 12:00 - 14:00 y 15:00 - 21:00 | K24: 8 | L24: LIBRE | M24: 8 | N24: LIBRE | O24: =VLOOKUP(N24, 'horarios BBDD'!$A:$B,2,0) -> 0 | P24: =O24+M24+K24+I24+G24+E24+C24 -> 32
A25: ECI PLAZA DEL DUQUE | B25: 12:00 - 14:00 y 15:00 - 21:00 | C25: 8 | D25: LIBRE | E25: =VLOOKUP(D25, 'horarios BBDD'!$A:$B,2,0) -> 0 | F25: 12:00 - 14:00 y 15:00 - 21:00 | G25: 8 | H25: LIBRE | I25: =VLOOKUP(H25, 'horarios BBDD'!$A:$B,2,0) -> 0 | J25: 12:00 - 14:00 y 15:00 - 21:00 | K25: 8 | L25: LIBRE | M25: 8 | N25: LIBRE | O25: 0 | P25: =O25+M25+K25+I25+G25+E25+C25 -> 32
A26: ECI TALAVERA | B26: 12:00 - 14:00 y 15:00 - 21:00 | C26: 8 | D26: 12:00 - 14:00 y 15:00 - 21:00 | E26: 8 | F26: LIBRE | G26: =VLOOKUP(F26, 'horarios BBDD'!$A:$B,2,0) -> 0 | H26: 12:00 - 14:00 y 15:00 - 21:00 | I26: 8 | J26: 12:00 - 14:00 y 15:00 - 21:00 | K26: 8 | L26: LIBRE | M26: 8 | N26: LIBRE | O26: 0 | P26: =O26+M26+K26+I26+G26+E26+C26 -> 40
A27: ECI ZARAGOZA ( SAGASTA) | B27: 12:00 - 14:00 y 15:00 - 21:00 | C27: 8 | D27: LIBRE | E27: =VLOOKUP(D27, 'horarios BBDD'!$A:$B,2,0) -> 0 | F27: 12:00 - 14:00 y 15:00 - 21:00 | G27: 8 | H27: 12:00 - 14:00 y 15:00 - 21:00 | I27: =VLOOKUP(H27, 'horarios BBDD'!$A:$B,2,0) -> 8 | J27: 12:00 - 14:00 y 15:00 - 21:00 | K27: 8 | L27: 12:00 - 14:00 y 15:00 - 21:00 | M27: 8 | N27: LIBRE | O27: 0 | P27: =O27+M27+K27+I27+G27+E27+C27 -> 40
A28: ECI ÁLCALA DE HENARES | B28: 12:00 - 14:00 y 15:00 - 21:00 | C28: 8 | E28: 0 | G28: 0 | I28: 8 | K28: 8 | M28: 8 | O28: 8 | P28: =O28+M28+K28+I28+G28+E28+C28 -> 40
A29: ECI RONDA CÓRDOBA | B29: 12:00 - 15:00 y 16:00 - 21:00 | C29: 8 | D29: 16:00 -21:00 | E29: 6 | F29: LIBRE | G29: =VLOOKUP(F29, 'horarios BBDD'!$A:$B,2,0) -> 0 | H29: 15:30 -21:00 | I29: 6.5 | J29: 15:30 -21:00 | K29: 6.5 | L29: 12:00 - 15:00 y 16:00 - 21:00 | M29: 8 | N29: LIBRE | O29: =VLOOKUP(N29, 'horarios BBDD'!$A:$B,2,0) -> 0 | P29: =O29+M29+K29+I29+G29+E29+C29 -> 35 | Q29: día de libranza modificado por libranza de la competencia
A30: ECI SALAMANCA | B30: 12:00 - 14:00 y 15:00 - 21:00 | C30: 8 | D30: 12:00 - 14:00 y 15:00 - 21:00 | E30: 8 | F30: LIBRE | G30: =VLOOKUP(F30, 'horarios BBDD'!$A:$B,2,0) -> 0 | H30: LIBRE | I30: =VLOOKUP(H30, 'horarios BBDD'!$A:$B,2,0) -> 0 | J30: 12:00 - 14:00 y 15:00 - 21:00 | K30: 8 | L30: 12:00 - 14:00 y 15:00 - 21:00 | M30: 8 | N30: LIBRE | O30: 0 | P30: =O30+M30+K30+I30+G30+E30+C30 -> 32
A31: ECI GUADALAJARA | B31: 12:00 - 14:00 y 15:00 - 21:00 | C31: 8 | D31: LIBRE | E31: =VLOOKUP(D31, 'horarios BBDD'!$A:$B,2,0) -> 0 | F31: LIBRE | G31: =VLOOKUP(F31, 'horarios BBDD'!$A:$B,2,0) -> 0 | H31: 12:00 - 14:00 y 15:00 - 21:00 | I31: 8 | J31: 12:00 - 14:00 y 15:00 - 21:00 | K31: 8 | L31: 12:00 - 14:00 y 15:00 - 21:00 | M31: 8 | N31: LIBRE | O31: 0 | P31: =O31+M31+K31+I31+G31+E31+C31 -> 32 | Q31: Al final trabaja el festivo
A32: ECI HUELVA | C32: 8 | E32: 8 | G32: 8 | I32: 0 | K32: 8 | L32: LIBRE | M32: 8 | N32: LIBRE | O32: 0 | P32: =O32+M32+K32+I32+G32+E32+C32 -> 40
A33: ECI A CORUÑA | B33: 12:00 - 14:00 y 15:00 - 21:00 | C33: 8 | D33: 12:00 - 14:00 y 15:00 - 21:00 | E33: 8 | F33: LIBRE | G33: =VLOOKUP(F33, 'horarios BBDD'!$A:$B,2,0) -> 0 | H33: 12:00 - 14:00 y 15:00 - 21:00 | I33: 8 | J33: 10:00 - 16:00 | K33: 6 | L33: LIBRE | M33: 8 | N33: LIBRE | O33: 0 | P33: =O33+M33+K33+I33+G33+E33+C33 -> 38 | Q33: Ha pedido modificación en la libranza por temas personales/ Ha pedido un día de vacaciones por temas personales
A34: ECI PAMPLONA | B34: 11:00 - 14:00 y 16:00 - 21:00 | C34: 8 | D34: LIBRE | E34: 0 | F34: LIBRE | G34: 0 | H34: 11:00 - 14:00 y 16:00 - 21:00 | I34: 8 | J34: 11:00 - 14:00 y 16:00 - 21:00 | K34: 8 | L34: 11:00 - 14:00 y 16:00 - 21:00 | M34: 8 | N34: LIBRE | O34: 0 | P34: =O34+M34+K34+I34+G34+E34+C34 -> 32 | Q34: día de libranza modificado por libranza de la competencia
A35: ECI SAN JOSÉ DE VALDERAS | B35: 12:00 - 14:00 y 15:00 - 21:00 | C35: 8 | D35: LIBRE | E35: 0 | F35: LIBRE | G35: 0 | H35: 12:00 - 14:00 y 15:00 - 21:00 | I35: 8 | J35: 12:00 - 14:00 y 15:00 - 21:00 | K35: 8 | L35: 12:00 - 14:00 y 15:00 - 21:00 | M35: 8 | N35: 12:00 - 14:00 y 15:00 - 21:00 | O35: 8 | P35: =O35+M35+K35+I35+G35+E35+C35 -> 40
A38: W50
A39: CENTRO | B39: Lunes 8 | D39: Martes 9 | F39: Miercoles 10 | H39: Jueves 11 | J39: Viernes 12 | L39: Sabado 13 | N39: Domingo 14 | P39: total | Q39: Comentarios
A40: ECI LEÓN | B40: 12:00 - 14:00 y 15:00 - 21:00 | C40: 8 | D40: 12:00 - 14:00 y 15:00 - 21:00 | E40: 8 | F40: LIBRE | G40: 0 | H40: 12:00 - 14:00 y 15:00 - 21:00 | I40: 8 | J40: 12:00 - 14:00 y 15:00 - 21:00 | K40: 8 | L40: 12:00 - 14:00 y 15:00 - 21:00 | M40: 8 | N40: LIBRE | O40: 0 | P40: =O40+M40+K40+I40+G40+E40+C40 -> 40 | S40: =P3+P21+P40 -> 104
A41: ECI COSTA MIJAS | B41: FESTIVO | C41: 0 | D41: 12:00 - 14:00 y 15:00 - 21:00 | E41: 8 | F41: LIBRE | G41: 0 | H41: 12:00 - 15:00 y 16:00 - 21:00 | I41: 8 | J41: 12:00 - 15:00 y 16:00 - 21:00 | K41: 8 | L41: 12:00 - 15:00 y 16:00 - 21:00 | M41: 8 | N41: 12:00 - 15:00 y 16:00 - 21:00 | O41: 8 | P41: =O41+M41+K41+I41+G41+E41+C41 -> 40 | S41: =P4+P22+P41 -> 120
A42: ECI BAHÍA MÁLAGA | B42: FESTIVO | C42: 8 | D42: LIBRE | E42: 0 | F42: 11:00 - 14:00 y 16:00 - 21:00 | G42: 8 | H42: LIBRE | I42: 0 | J42: 11:00 - 14:00 y 16:00 - 21:00 | K42: 8 | L42: 11:00 - 14:00 y 16:00 - 21:00 | M42: 8 | N42: 11:00 - 14:00 y 16:00 - 21:00 | O42: 8 | P42: =O42+M42+K42+I42+G42+E42+C42 -> 40 | Q42: Tiene médico a las 11:30 | S42: =P5+P23+P42 -> 120
A43: ECI CORNELLÁ | B43: FESTIVO | C43: 0 | D43: 12:00 - 14:00 y 15:00 - 21:00 | E43: 8 | F43: 12:00 - 14:00 y 15:00 - 21:00 | G43: 8 | H43: 12:00 - 14:00 y 15:00 - 21:00 | I43: 8 | J43: 12:00 - 14:00 y 15:00 - 21:00 | K43: 8 | L43: 12:00 - 14:00 y 15:00 - 21:00 | M43: 8 | N43: LIBRE | O43: 0 | P43: =O43+M43+K43+I43+G43+E43+C43 -> 40 | S43: =P6+P24+P43 -> 120
A44: ECI PLAZA DEL DUQUE | B44: FESTIVO | C44: 0 | D44: 12:00 - 14:00 y 15:00 - 21:00 | E44: 8 | F44: 12:00 - 14:00 y 15:00 - 21:00 | G44: 8 | H44: LIBRE | I44: 0 | J44: 12:00 - 14:00 y 15:00 - 21:00 | K44: 8 | L44: 12:00 - 14:00 y 15:00 - 21:00 | M44: 8 | N44: 12:00 - 14:00 y 15:00 - 21:00 | O44: 8 | P44: =O44+M44+K44+I44+G44+E44+C44 -> 40 | S44: =P7+P25+P44 -> 120
A45: ECI TALAVERA | B45: 12:00 - 14:00 y 15:00 - 21:00 | C45: 8 | D45: LIBRE | E45: 0 | F45: LIBRE | G45: 0 | H45: 12:00 - 14:00 y 15:00 - 21:00 | I45: 8 | J45: 12:00 - 14:00 y 15:00 - 21:00 | K45: 8 | L45: 12:00 - 14:00 y 15:00 - 21:00 | M45: 8 | N45: 12:00 - 14:00 y 15:00 - 21:00 | O45: 8 | P45: =O45+M45+K45+I45+G45+E45+C45 -> 40 | S45: =P8+P26+P45 -> 120
A46: ECI ZARAGOZA ( SAGASTA) | B46: 12:00 - 14:00 y 15:00 - 21:00 | C46: 8 | D46: LIBRE | E46: 0 | F46: 12:00 - 14:00 y 15:00 - 21:00 | G46: 8 | H46: LIBRE | I46: 0 | J46: 12:00 - 14:00 y 15:00 - 21:00 | K46: 8 | L46: 12:00 - 14:00 y 15:00 - 21:00 | M46: 8 | N46: 12:00 - 14:00 y 15:00 - 21:00 | O46: 8 | P46: =O46+M46+K46+I46+G46+E46+C46 -> 40 | S46: =P9+P27+P46 -> 128
A47: ECI ÁLCALA DE HENARES | B47: LIBRE | C47: 0 | D47: LIBRE | E47: 0 | P47: =O47+M47+K47+I47+G47+E47+C47 -> 0 | S47: =P10+P28+P47 -> 80
A48: ECI RONDA CÓRDOBA | B48: FESTIVO | C48: 0 | D48: 12:00 - 15:00 y 16:00 - 21:00 | E48: 8 | F48: 12:00 - 15:00 y 16:00 - 21:00 | G48: 8 | H48: 12:00 - 15:00 y 16:00 - 21:00 | I48: 8 | J48: 12:00 - 15:00 y 16:00 - 21:00 | K48: 8 | L48: 12:00 - 15:00 y 16:00 - 21:00 | M48: 8 | N48: LIBRE | O48: 0 | P48: =O48+M48+K48+I48+G48+E48+C48 -> 40 | Q48: Baja médica | S48: =P11+P29+P48 -> 120
A49: ECI SALAMANCA | B49: FESTIVO | C49: 8 | D49: 12:00 - 14:00 y 15:00 - 21:00 | E49: 8 | F49: LIBRE | G49: 0 | H49: LIBRE | I49: 0 | J49: 12:00 - 14:00 y 15:00 - 21:00 | K49: 8 | L49: 12:00 - 14:00 y 15:00 - 21:00 | M49: 8 | N49: 12:00 - 14:00 y 15:00 - 21:00 | O49: 8 | P49: =O49+M49+K49+I49+G49+E49+C49 -> 40 | Q49: Modificación por libranza de la competencia | S49: =P12+P30+P49 -> 120
A50: ECI GUADALAJARA | B50: FESTIVO | C50: 0 | D50: 12:00 - 14:00 y 15:00 - 21:00 | E50: 8 | F50: LIBRE | G50: 0 | H50: 12:00 - 14:00 y 15:00 - 21:00 | I50: 8 | J50: 12:00 - 14:00 y 15:00 - 21:00 | K50: 8 | L50: 12:00 - 14:00 y 15:00 - 21:00 | M50: 8 | N50: 12:00 - 14:00 y 15:00 - 21:00 | O50: 8 | P50: =O50+M50+K50+I50+G50+E50+C50 -> 40 | S50: =P13+P31+P50 -> 128
A51: ECI HUELVA | B51: LIBRE | C51: 0 | F51: 11:00 - 14:00 y 16:00 - 21:00 | G51: 8 | H51: 11:00 - 14:00 y 16:00 - 21:00 | I51: 8 | J51: 11:00 - 14:00 y 16:00 - 21:00 | K51: 8 | L51: 10:00 - 14:00 y 15:00 - 19:00 | M51: 8 | N51: LIBRE | O51: 0 | P51: =O51+M51+K51+I51+G51+E51+C51 -> 32 | Q51: Entrada 10/12 | S51: =P14+P32+P51 -> 112
A52: ECI A CORUÑA | B52: FESTIVO | C52: 8 | D52: 12:00 - 14:00 y 15:00 - 21:00 | E52: 8 | F52: LIBRE | G52: 0 | H52: 12:00 - 14:00 y 15:00 - 21:00 | I52: 8 | J52: 12:00 - 14:00 y 15:00 - 21:00 | K52: 8 | L52: 12:00 - 14:00 y 15:00 - 21:00 | M52: 8 | N52: LIBRE | O52: 0 | P52: =O52+M52+K52+I52+G52+E52+C52 -> 40 | Q52: Baja médica | S52: =P15+P33+P52 -> 126
A53: ECI PAMPLONA | B53: FESTIVO | C53: 8 | D53: LIBRE | E53: 0 | F53: 11:00 - 14:00 y 16:00 - 21:00 | G53: 8 | H53: 11:00 - 14:00 y 16:00 - 21:00 | I53: 8 | J53: 11:00 - 14:00 y 16:00 - 21:00 | K53: 8 | L53: 11:00 - 14:00 y 16:00 - 21:00 | M53: 8 | N53: LIBRE | O53: 0 | P53: =O53+M53+K53+I53+G53+E53+C53 -> 40 | S53: =P16+P34+P53 -> 120
A54: ECI SAN JOSÉ DE VALDERAS | B54: FESTIVO | C54: 0 | D54: LIBRE | E54: 0 | F54: 12:00 - 14:00 y 15:00 - 21:00 | G54: 8 | H54: 10:30 - 13:30 y 16:30 - 21:30 | I54: 8 | J54: 12:00 - 14:00 y 15:00 - 21:00 | K54: 8 | L54: 12:00 - 14:00 y 15:00 - 21:00 | M54: 8 | N54: 12:00 - 14:00 y 15:00 - 21:00 | O54: 8 | P54: =O54+M54+K54+I54+G54+E54+C54 -> 40 | S54: =P17+P35+P54 -> 128
A56: W51
A57: CENTRO | B57: Lunes 15 | D57: Martes 16 | F57: Miercoles 17 | H57: Jueves 18 | J57: Viernes 19 | L57: Sabado 20 | N57: Domingo 21 | P57: total | Q57: Comentarios
A58: ECI LEÓN | B58: 13:00 - 15:00 y 16:00 - 22:00 | C58: 8 | D58: 12:00 - 14:00 y 15:00 - 21:00 | E58: =VLOOKUP(D58, 'horarios BBDD'!$A:$B,2,0) -> 8 | F58: LIBRE | G58: =VLOOKUP(F58, 'horarios BBDD'!$A:$B,2,0) -> 0 | H58: 12:00 - 14:00 y 15:00 - 21:00 | I58: =VLOOKUP(H58, 'horarios BBDD'!$A:$B,2,0) -> 8 | J58: 12:00 - 14:00 y 15:00 - 21:00 | K58: =VLOOKUP(J58, 'horarios BBDD'!$A:$B,2,0) -> 8 | L58: 12:00 - 14:00 y 15:00 - 21:00 | M58: =VLOOKUP(L58, 'horarios BBDD'!$A:$B,2,0) -> 8 | N58: LIBRE | O58: =VLOOKUP(N58, 'horarios BBDD'!$A:$B,2,0) -> 0 | P58: =O58+M58+K58+I58+G58+E58+C58 -> 40
A59: ECI COSTA MIJAS | B59: LIBRE | C59: =VLOOKUP(B59, 'horarios BBDD'!$A:$B,2,0) -> 0 | D59: 12:00 - 14:00 y 15:00 - 21:00 | E59: =VLOOKUP(D59, 'horarios BBDD'!$A:$B,2,0) -> 8 | F59: 12:00 - 14:00 y 15:00 - 21:00 | G59: =VLOOKUP(F59, 'horarios BBDD'!$A:$B,2,0) -> 8 | H59: LIBRE | I59: =VLOOKUP(H59, 'horarios BBDD'!$A:$B,2,0) -> 0 | J59: 12:00 - 14:00 y 15:00 - 21:00 | K59: =VLOOKUP(J59, 'horarios BBDD'!$A:$B,2,0) -> 8 | L59: 12:00 - 14:00 y 15:00 - 21:00 | M59: =VLOOKUP(L59, 'horarios BBDD'!$A:$B,2,0) -> 8 | N59: 12:00 - 15:00 y 16:00 - 21:00 | O59: 8 | P59: =O59+M59+K59+I59+G59+E59+C59 -> 40
A60: ECI BAHÍA MÁLAGA | B60: 11:00 - 14:00 y 16:00 - 21:00 | C60: =VLOOKUP(B60, 'horarios BBDD'!$A:$B,2,0) -> 8 | D60: LIBRE | E60: =VLOOKUP(D60, 'horarios BBDD'!$A:$B,2,0) -> 0 | F60: LIBRE | G60: =VLOOKUP(F60, 'horarios BBDD'!$A:$B,2,0) -> 0 | I60: 0 | J60: 11:00 - 14:00 y 16:00 - 21:00 | K60: =VLOOKUP(J60, 'horarios BBDD'!$A:$B,2,0) -> 8 | L60: 11:00 - 14:00 y 16:00 - 21:00 | M60: =VLOOKUP(L60, 'horarios BBDD'!$A:$B,2,0) -> 8 | N60: 11:00 - 14:00 y 16:00 - 21:00 | O60: 8 | P60: =O60+M60+K60+I60+G60+E60+C60 -> 32 | Q60: CAMBIO DE SA empieza el viernes 19/12
A61: ECI CORNELLÁ | B61: LIBRE | C61: =VLOOKUP(B61, 'horarios BBDD'!$A:$B,2,0) -> 0 | D61: 12:00 - 14:00 y 15:00 - 21:00 | E61: =VLOOKUP(D61, 'horarios BBDD'!$A:$B,2,0) -> 8 | F61: 12:00 - 14:00 y 15:00 - 21:00 | G61: =VLOOKUP(F61, 'horarios BBDD'!$A:$B,2,0) -> 8 | H61: 12:00 - 14:00 y 15:00 - 21:00 | I61: =VLOOKUP(H61, 'horarios BBDD'!$A:$B,2,0) -> 8 | J61: 12:00 - 14:00 y 15:00 - 21:00 | K61: =VLOOKUP(J61, 'horarios BBDD'!$A:$B,2,0) -> 8 | L61: 12:00 - 14:00 y 15:00 - 21:00 | M61: =VLOOKUP(L61, 'horarios BBDD'!$A:$B,2,0) -> 8 | N61: LIBRE | O61: =VLOOKUP(N61, 'horarios BBDD'!$A:$B,2,0) -> 0 | P61: =O61+M61+K61+I61+G61+E61+C61 -> 40
A62: ECI PLAZA DEL DUQUE | B62: LIBRE | C62: =VLOOKUP(B62, 'horarios BBDD'!$A:$B,2,0) -> 0 | D62: 12:00 - 14:00 y 15:00 - 21:00 | E62: =VLOOKUP(D62, 'horarios BBDD'!$A:$B,2,0) -> 8 | F62: 12:00 - 14:00 y 15:00 - 21:00 | G62: =VLOOKUP(F62, 'horarios BBDD'!$A:$B,2,0) -> 8 | H62: LIBRE | I62: =VLOOKUP(H62, 'horarios BBDD'!$A:$B,2,0) -> 0 | J62: 12:00 - 14:00 y 15:00 - 21:00 | K62: =VLOOKUP(J62, 'horarios BBDD'!$A:$B,2,0) -> 8 | L62: 12:00 - 14:00 y 15:00 - 21:00 | M62: =VLOOKUP(L62, 'horarios BBDD'!$A:$B,2,0) -> 8 | N62: 12:00 - 14:00 y 15:00 - 21:00 | O62: 8 | P62: =O62+M62+K62+I62+G62+E62+C62 -> 40
A63: ECI TALAVERA | B63: LIBRE | C63: =VLOOKUP(B63, 'horarios BBDD'!$A:$B,2,0) -> 0 | D63: 12:00 - 14:00 y 15:00 - 21:00 | E63: =VLOOKUP(D63, 'horarios BBDD'!$A:$B,2,0) -> 8 | F63: 12:00 - 14:00 y 15:00 - 21:00 | G63: =VLOOKUP(F63, 'horarios BBDD'!$A:$B,2,0) -> 8 | H63: LIBRE | I63: =VLOOKUP(H63, 'horarios BBDD'!$A:$B,2,0) -> 0 | J63: 13:00 - 15:00 y 16:00 - 22:00 | K63: 8 | L63: 12:00 - 14:00 y 15:00 - 21:00 | M63: =VLOOKUP(L63, 'horarios BBDD'!$A:$B,2,0) -> 8 | N63: 12:00 - 14:00 y 15:00 - 21:00 | O63: 8 | P63: =O63+M63+K63+I63+G63+E63+C63 -> 40 | Q63: ECI nos pide que trabaje el miercoles por el partido del Madrid contra el Talavera
A64: ECI ZARAGOZA ( SAGASTA) | B64: 12:00 - 14:00 y 15:00 - 21:00 | C64: =VLOOKUP(B64, 'horarios BBDD'!$A:$B,2,0) -> 8 | D64: LIBRE | E64: =VLOOKUP(D64, 'horarios BBDD'!$A:$B,2,0) -> 0 | F64: LIBRE | G64: =VLOOKUP(F64, 'horarios BBDD'!$A:$B,2,0) -> 0 | H64: 12:00 - 14:00 y 15:00 - 21:00 | I64: =VLOOKUP(H64, 'horarios BBDD'!$A:$B,2,0) -> 8 | J64: 12:00 - 14:00 y 15:00 - 21:00 | K64: =VLOOKUP(J64, 'horarios BBDD'!$A:$B,2,0) -> 8 | L64: 12:00 - 14:00 y 15:00 - 21:00 | M64: =VLOOKUP(L64, 'horarios BBDD'!$A:$B,2,0) -> 8 | N64: 12:00 - 14:00 y 15:00 - 21:00 | O64: 8 | P64: =O64+M64+K64+I64+G64+E64+C64 -> 40
A65: ECI ÁLCALA DE HENARES | C65: 0 | E65: 0 | G65: 0 | I65: 0 | K65: 0 | M65: 0 | O65: 0 | P65: =O65+M65+K65+I65+G65+E65+C65 -> 0
A66: ECI RONDA CÓRDOBA | B66: LIBRE | C66: =VLOOKUP(B66, 'horarios BBDD'!$A:$B,2,0) -> 0 | D66: 12:00 - 15:00 y 16:00 - 21:00 | E66: =VLOOKUP(D66, 'horarios BBDD'!$A:$B,2,0) -> 8 | F66: 12:00 - 15:00 y 16:00 - 21:00 | G66: =VLOOKUP(F66, 'horarios BBDD'!$A:$B,2,0) -> 8 | H66: 12:00 - 15:00 y 16:00 - 21:00 | I66: =VLOOKUP(H66, 'horarios BBDD'!$A:$B,2,0) -> 8 | J66: 12:00 - 15:00 y 16:00 - 21:00 | K66: =VLOOKUP(J66, 'horarios BBDD'!$A:$B,2,0) -> 8 | L66: 12:00 - 15:00 y 16:00 - 21:00 | M66: =VLOOKUP(L66, 'horarios BBDD'!$A:$B,2,0) -> 8 | N66: LIBRE | O66: =VLOOKUP(N66, 'horarios BBDD'!$A:$B,2,0) -> 0 | P66: =O66+M66+K66+I66+G66+E66+C66 -> 40
A67: ECI SALAMANCA | B67: 12:00 - 14:00 y 15:00 - 21:00 | C67: =VLOOKUP(B67, 'horarios BBDD'!$A:$B,2,0) -> 8 | D67: 12:00 - 14:00 y 15:00 - 21:00 | E67: =VLOOKUP(D67, 'horarios BBDD'!$A:$B,2,0) -> 8 | F67: LIBRE | G67: =VLOOKUP(F67, 'horarios BBDD'!$A:$B,2,0) -> 0 | H67: LIBRE | I67: =VLOOKUP(H67, 'horarios BBDD'!$A:$B,2,0) -> 0 | J67: 12:00 - 14:00 y 15:00 - 21:00 | K67: =VLOOKUP(J67, 'horarios BBDD'!$A:$B,2,0) -> 8 | L67: 12:00 - 14:00 y 15:00 - 21:00 | M67: =VLOOKUP(L67, 'horarios BBDD'!$A:$B,2,0) -> 8 | N67: 12:00 - 14:00 y 15:00 - 21:00 | O67: 8 | P67: =O67+M67+K67+I67+G67+E67+C67 -> 40
A68: ECI GUADALAJARA | B68: 12:00 - 14:00 y 15:00 - 21:00 | C68: =VLOOKUP(B68, 'horarios BBDD'!$A:$B,2,0) -> 8 | D68: LIBRE | E68: =VLOOKUP(D68, 'horarios BBDD'!$A:$B,2,0) -> 0 | F68: LIBRE | G68: =VLOOKUP(F68, 'horarios BBDD'!$A:$B,2,0) -> 0 | H68: 12:00 - 14:00 y 15:00 - 21:00 | I68: =VLOOKUP(H68, 'horarios BBDD'!$A:$B,2,0) -> 8 | J68: 12:00 - 14:00 y 15:00 - 21:00 | K68: =VLOOKUP(J68, 'horarios BBDD'!$A:$B,2,0) -> 8 | L68: 12:00 - 14:00 y 15:00 - 21:00 | M68: =VLOOKUP(L68, 'horarios BBDD'!$A:$B,2,0) -> 8 | N68: 12:00 - 14:00 y 15:00 - 21:00 | O68: =VLOOKUP(N68, 'horarios BBDD'!$A:$B,2,0) -> 8 | P68: =O68+M68+K68+I68+G68+E68+C68 -> 40
A69: ECI HUELVA | B69: 11:00 - 14:00 y 16:00 - 21:00 | C69: =VLOOKUP(B69, 'horarios BBDD'!$A:$B,2,0) -> 8 | D69: 11:00 - 14:00 y 16:00 - 21:00 | E69: =VLOOKUP(D69, 'horarios BBDD'!$A:$B,2,0) -> 8 | F69: LIBRE | G69: 0 | H69: 11:00 - 14:00 y 16:00 - 21:00 | I69: =VLOOKUP(H69, 'horarios BBDD'!$A:$B,2,0) -> 8 | J69: 11:00 - 14:00 y 16:00 - 21:00 | K69: =VLOOKUP(J69, 'horarios BBDD'!$A:$B,2,0) -> 8 | L69: 11:00 - 14:00 y 16:00 - 21:00 | M69: =VLOOKUP(L69, 'horarios BBDD'!$A:$B,2,0) -> 8 | N69: LIBRE | O69: 0 | P69: =O69+M69+K69+I69+G69+E69+C69 -> 40
A70: ECI A CORUÑA | B70: 12:00 - 14:00 y 15:00 - 21:00 | C70: =VLOOKUP(B70, 'horarios BBDD'!$A:$B,2,0) -> 8 | D70: 12:00 - 14:00 y 15:00 - 21:00 | E70: =VLOOKUP(D70, 'horarios BBDD'!$A:$B,2,0) -> 8 | F70: LIBRE | G70: =VLOOKUP(F70, 'horarios BBDD'!$A:$B,2,0) -> 0 | H70: LIBRE | I70: =VLOOKUP(H70, 'horarios BBDD'!$A:$B,2,0) -> 0 | J70: 12:00 - 14:00 y 15:00 - 21:00 | K70: =VLOOKUP(J70, 'horarios BBDD'!$A:$B,2,0) -> 8 | L70: 12:00 - 14:00 y 15:00 - 21:00 | M70: =VLOOKUP(L70, 'horarios BBDD'!$A:$B,2,0) -> 8 | N70: 12:00 - 14:00 y 15:00 - 21:00 | O70: =VLOOKUP(N70, 'horarios BBDD'!$A:$B,2,0) -> 8 | P70: =O70+M70+K70+I70+G70+E70+C70 -> 40 | Q70: ENFERMO
A71: ECI PAMPLONA | B71: 11:00 - 14:00 y 16:00 - 21:00 | C71: =VLOOKUP(B71, 'horarios BBDD'!$A:$B,2,0) -> 8 | D71: LIBRE | E71: =VLOOKUP(D71, 'horarios BBDD'!$A:$B,2,0) -> 0 | F71: 11:00 - 14:00 y 16:00 - 21:00 | G71: =VLOOKUP(F71, 'horarios BBDD'!$A:$B,2,0) -> 8 | H71: 11:00 - 14:00 y 16:00 - 21:00 | I71: =VLOOKUP(H71, 'horarios BBDD'!$A:$B,2,0) -> 8 | J71: 11:00 - 14:00 y 16:00 - 21:00 | K71: =VLOOKUP(J71, 'horarios BBDD'!$A:$B,2,0) -> 8 | L71: 11:00 - 14:00 y 16:00 - 21:00 | M71: =VLOOKUP(L71, 'horarios BBDD'!$A:$B,2,0) -> 8 | N71: LIBRE | O71: 0 | P71: =O71+M71+K71+I71+G71+E71+C71 -> 40
A72: ECI SAN JOSÉ DE VALDERAS | B72: LIBRE | C72: =VLOOKUP(B72, 'horarios BBDD'!$A:$B,2,0) -> 0 | D72: LIBRE | E72: =VLOOKUP(D72, 'horarios BBDD'!$A:$B,2,0) -> 0 | F72: LIBRE | G72: =VLOOKUP(F72, 'horarios BBDD'!$A:$B,2,0) -> 0 | H72: 12:00 - 15:00 y 16:00 - 21:00 | I72: =VLOOKUP(H72, 'horarios BBDD'!$A:$B,2,0) -> 8 | J72: 12:00 - 15:00 y 16:00 - 21:00 | K72: =VLOOKUP(J72, 'horarios BBDD'!$A:$B,2,0) -> 8 | L72: 12:00 - 15:00 y 16:00 - 21:00 | M72: =VLOOKUP(L72, 'horarios BBDD'!$A:$B,2,0) -> 8 | N72: 12:00 - 14:00 y 15:00 - 21:00 | O72: 8 | P72: =O72+M72+K72+I72+G72+E72+C72 -> 32 | Q72: Cambia el día miercoles por el lunes 22, se encuentra indispuesto
N73: *Todos las provincias que ABREN
A74: W52
A75: CENTRO | B75: Lunes 22 | D75: Martes 23 | F75: Miercoles 24 | H75: Jueves 25 | J75: Viernes 26 | L75: Sabado 27 | N75: Domingo 28 | P75: total | Q75: Comentarios
A76: ECI LEÓN | B76: 12:00 - 14:00 y 15:00 - 21:00 | C76: 8 | D76: 12:00 - 14:00 y 15:00 - 21:00 | E76: 8 | F76: LIBRE | G76: 0 | H76: FESTIVO | I76: 8 | J76: 12:00 - 14:00 y 15:00 - 21:00 | K76: 8 | L76: 12:00 - 14:00 y 15:00 - 21:00 | M76: 8 | N76: LIBRE | O76: 0 | P76: =O76+M76+K76+I76+G76+E76+C76 -> 40
A77: ECI COSTA MIJAS | B77: LIBRE | C77: 0 | F77: 10:00 - 14:00 | G77: 4 | H77: LIBRE | I77: 0 | J77: 12:00 - 14:00 y 15:00 - 21:00 | K77: 8 | L77: 12:00 - 14:00 y 15:00 - 21:00 | M77: 8 | N77: 12:00 - 15:00 y 16:00 - 21:00 | O77: 8 | P77: =O77+M77+K77+I77+G77+E77+C77 -> 28 | Q77: Baja voluntaria
A78: ECI BAHÍA MÁLAGA | B78: 11:00 - 14:00 y 16:00 - 21:00 | C78: 8 | D78: LIBRE | E78: 0 | F78: 10:00 - 14:00 | G78: 4 | H78: LIBRE | I78: 0 | J78: 11:00 - 14:00 y 16:00 - 21:00 | K78: 8 | L78: 11:00 - 14:00 y 16:00 - 21:00 | M78: 8 | N78: 11:00 - 14:00 y 16:00 - 21:00 | O78: 8 | P78: =O78+M78+K78+I78+G78+E78+C78 -> 36
A79: ECI CORNELLÁ | B79: 12:00 - 14:00 y 15:00 - 21:00 | C79: 8 | D79: 12:00 - 14:00 y 15:00 - 21:00 | E79: 8 | F79: 10:00 - 14:00 | G79: 4 | H79: FESTIVO | I79: 8 | J79: FESTIVO | K79: 8 | L79: 12:00 - 14:00 y 15:00 - 21:00 | M79: 8 | N79: LIBRE | O79: 0 | P79: =O79+M79+K79+I79+G79+E79+C79 -> 44
A80: ECI PLAZA DEL DUQUE | B80: 12:00 - 14:00 y 15:00 - 21:00 | C80: 8 | D80: 12:00 - 14:00 y 15:00 - 21:00 | E80: 8 | F80: LIBRE | G80: 0 | H80: FESTIVO | I80: 0 | J80: 12:00 - 14:00 y 15:00 - 21:00 | K80: 8 | L80: 12:00 - 14:00 y 15:00 - 21:00 | M80: 8 | N80: 12:00 - 14:00 y 15:00 - 21:00 | O80: 8 | P80: =O80+M80+K80+I80+G80+E80+C80 -> 40
A81: ECI TALAVERA | B81: 12:00 - 14:00 y 15:00 - 21:00 | C81: 8 | D81: 12:00 - 14:00 y 15:00 - 21:00 | E81: 8 | F81: LIBRE | G81: 0 | H81: FESTIVO | I81: 0 | J81: 12:00 - 14:00 y 15:00 - 21:00 | K81: 8 | L81: 12:00 - 14:00 y 15:00 - 21:00 | M81: 8 | N81: 12:00 - 14:00 y 15:00 - 21:00 | O81: 8 | P81: =O81+M81+K81+I81+G81+E81+C81 -> 40
A82: ECI ZARAGOZA ( SAGASTA) | B82: 12:00 - 14:00 y 15:00 - 21:00 | C82: 8 | D82: 12:00 - 14:00 y 15:00 - 21:00 | E82: 8 | F82: LIBRE | G82: 0 | H82: FESTIVO | I82: 8 | J82: 12:00 - 14:00 y 15:00 - 21:00 | K82: 8 | L82: 12:00 - 14:00 y 15:00 - 21:00 | M82: 8 | N82: 12:00 - 14:00 y 15:00 - 21:00 | O82: 8 | P82: =O82+M82+K82+I82+G82+E82+C82 -> 48
A83: ECI ÁLCALA DE HENARES | B83: 12:00 - 14:00 y 15:00 - 21:00 | C83: 8 | D83: 12:00 - 14:00 y 15:00 - 21:00 | E83: 8 | F83: 10:00 - 14:00 | G83: 4 | H83: FESTIVO | I83: 0 | J83: 12:00 - 14:00 y 15:00 - 21:00 | K83: 8 | L83: 12:00 - 14:00 y 15:00 - 21:00 | M83: 8 | N83: 12:00 - 14:00 y 15:00 - 21:00 | O83: 8 | P83: =O83+M83+K83+I83+G83+E83+C83 -> 44 | Q83: Entra 22/12
A84: ECI RONDA CÓRDOBA | B84: 12:00 - 15:00 y 16:00 - 21:00 | C84: 8 | D84: 12:00 - 15:00 y 16:00 - 21:00 | E84: 8 | F84: 10:00 - 14:00 | G84: 4 | H84: FESTIVO | I84: 0 | J84: 12:00 - 15:00 y 16:00 - 21:00 | K84: 8 | L84: 12:00 - 15:00 y 16:00 - 21:00 | M84: 8 | N84: LIBRE | O84: 0 | P84: =O84+M84+K84+I84+G84+E84+C84 -> 36
A85: ECI SALAMANCA | B85: 17:00- 21:00 | C85: 4 | D85: 12:00 - 14:00 y 15:00 - 21:00 | E85: 8 | F85: LIBRE | G85: 0 | H85: LIBRE | I85: 0 | J85: 12:00 - 14:00 y 15:00 - 21:00 | K85: 8 | L85: 12:00 - 14:00 y 15:00 - 21:00 | M85: 8 | N85: 12:00 - 14:00 y 15:00 - 21:00 | O85: 8 | P85: =O85+M85+K85+I85+G85+E85+C85 -> 36 | Q85: reposo médico
A86: ECI GUADALAJARA | B86: 12:00 - 14:00 y 15:00 - 21:00 | C86: 8 | D86: 17:00- 21:00 | E86: 4 | F86: 10:00 - 14:00 | G86: 4 | H86: FESTIVO | I86: 0 | J86: 12:00 - 14:00 y 15:00 - 21:00 | K86: 8 | L86: 12:00 - 14:00 y 15:00 - 21:00 | M86: 8 | N86: 12:00 - 14:00 y 15:00 - 21:00 | O86: 8 | P86: =O86+M86+K86+I86+G86+E86+C86 -> 40
A87: ECI HUELVA | B87: 11:00 - 14:00 y 16:00 - 21:00 | C87: 8 | D87: 11:00 - 14:00 y 16:00 - 21:00 | E87: 8 | F87: LIBRE | G87: 0 | H87: FESTIVO | I87: 8 | J87: 11:00 - 14:00 y 16:00 - 21:00 | K87: 8 | L87: 11:00 - 14:00 y 16:00 - 21:00 | M87: 8 | N87: LIBRE | O87: 0 | P87: =O87+M87+K87+I87+G87+E87+C87 -> 40
A88: ECI A CORUÑA | B88: 17:00- 21:00 | C88: 4 | D88: 12:00 - 14:00 y 15:00 - 21:00 | E88: 8 | F88: 10:00 - 14:00 | G88: 4 | H88: LIBRE | I88: 0 | J88: 12:00 - 14:00 y 15:00 - 21:00 | K88: 8 | L88: 12:00 - 14:00 y 15:00 - 21:00 | M88: 8 | N88: 12:00 - 14:00 y 15:00 - 21:00 | O88: 8 | P88: =O88+M88+K88+I88+G88+E88+C88 -> 40
A89: ECI PAMPLONA | B89: 11:00 - 14:00 y 16:00 - 21:00 | C89: 8 | D89: 11:00 - 14:00 y 16:00 - 21:00 | E89: 8 | F89: 10:00 - 14:00 | G89: 4 | H89: FESTIVO | I89: 8 | J89: 11:00 - 14:00 y 16:00 - 21:00 | K89: 8 | L89: 11:00 - 14:00 y 16:00 - 21:00 | M89: 8 | N89: LIBRE | O89: 0 | P89: =O89+M89+K89+I89+G89+E89+C89 -> 44
A90: ECI SAN JOSÉ DE VALDERAS | B90: 12:00 - 15:00 y 16:00 - 21:00 | C90: 8 | D90: 12:00 - 15:00 y 16:00 - 21:00 | E90: 8 | F90: 10:00 - 14:00 | G90: 4 | H90: FESTIVO | I90: 8 | J90: 12:00 - 15:00 y 16:00 - 21:00 | K90: 8 | L90: 12:00 - 15:00 y 16:00 - 21:00 | M90: 8 | N90: 12:00 - 14:00 y 15:00 - 21:00 | O90: 8 | P90: =O90+M90+K90+I90+G90+E90+C90 -> 52
N91: *Todos las provincias que ABREN
A93: W1
A94: CENTRO | B94: Lunes 29 | D94: Martes 30 | F94: Miercoles 31 | H94: Jueves 1 | J94: Viernes 2 | L94: Sabado 3 | N94: Domingo 4 | P94: total | Q94: Comentarios
A95: ECI LEÓN | B95: 12:00 - 14:00 y 15:00 - 21:00 | C95: 8 | D95: 12:00 - 14:00 y 15:00 - 21:00 | E95: 8 | F95: 10:00 - 14:00 | G95: 4 | H95: FESTIVO | I95: 8 | J95: 12:00 - 14:00 y 15:00 - 21:00 | K95: 8 | L95: 12:00 - 14:00 y 15:00 - 21:00 | M95: 8 | N95: 12:00 - 14:00 y 15:00 - 21:00 | O95: 8 | P95: =C95+E95+G95+I95+K95+M95+O95 -> 52 | Q95: 8H extra
A96: ECI COSTA MIJAS | B96: 17:00- 21:00 | C96: 4 | D96: 12:00 - 14:00 y 15:00 - 21:00 | E96: 8 | F96: LIBRE | G96: 0 | H96: FESTIVO | I96: 8 | J96: 12:00 - 14:00 y 15:00 - 21:00 | K96: 8 | L96: 12:00 - 14:00 y 15:00 - 21:00 | M96: 8 | N96: 12:00 - 15:00 y 16:00 - 21:00 | O96: 8 | P96: =C96+E96+G96+I96+K96+M96+O96 -> 44 | Q96: Baja voluntaria
A97: ECI BAHÍA MÁLAGA | B97: 11:00 - 14:00 y 16:00 - 21:00 | C97: 8 | D97: 17:00- 21:00 | E97: 4 | F97: LIBRE | G97: 0 | H97: FESTIVO | I97: 8 | J97: 11:00 - 14:00 y 16:00 - 21:00 | K97: 8 | L97: 11:00 - 14:00 y 16:00 - 21:00 | M97: 8 | N97: 11:00 - 14:00 y 16:00 - 21:00 | O97: 8 | P97: =C97+E97+G97+I97+K97+M97+O97 -> 44
A98: ECI CORNELLÁ | B98: 12:00 - 14:00 y 15:00 - 21:00 | C98: 8 | D98: 12:00 - 14:00 y 15:00 - 21:00 | E98: 8 | F98: LIBRE | G98: 0 | H98: FESTIVO | I98: 8 | J98: 12:00 - 14:00 y 15:00 - 21:00 | K98: 8 | L98: 12:00 - 14:00 y 15:00 - 21:00 | M98: 8 | N98: LIBRE | O98: 0 | P98: =C98+E98+G98+I98+K98+M98+O98 -> 40
A99: ECI PLAZA DEL DUQUE | B99: 12:00 - 14:00 y 15:00 - 21:00 | C99: 8 | D99: 12:00 - 14:00 y 15:00 - 21:00 | E99: 8 | F99: 10:00 - 14:00 | G99: 4 | H99: FESTIVO | I99: 8 | J99: 12:00 - 14:00 y 15:00 - 21:00 | K99: 8 | L99: 12:00 - 14:00 y 15:00 - 21:00 | M99: 8 | N99: LIBRE | O99: 0 | P99: =C99+E99+G99+I99+K99+M99+O99 -> 44
A100: ECI TALAVERA | B100: 12:00 - 14:00 y 15:00 - 21:00 | C100: 8 | D100: 12:00 - 14:00 y 15:00 - 21:00 | E100: 8 | F100: 10:00 - 14:00 | G100: 4 | H100: FESTIVO | I100: 0 | J100: 12:00 - 14:00 y 15:00 - 21:00 | K100: 8 | L100: 12:00 - 14:00 y 15:00 - 21:00 | M100: 8 | N100: 12:00 - 14:00 y 15:00 - 21:00 | O100: 8 | P100: =C100+E100+G100+I100+K100+M100+O100 -> 44
A101: ECI ZARAGOZA ( SAGASTA) | B101: 12:00 - 14:00 y 15:00 - 21:00 | C101: 8 | D101: 12:00 - 14:00 y 15:00 - 21:00 | E101: 8 | F101: 10:00 - 14:00 | G101: 4 | H101: FESTIVO | I101: 8 | J101: 12:00 - 14:00 y 15:00 - 21:00 | K101: 8 | L101: 12:00 - 14:00 y 15:00 - 21:00 | M101: 8 | N101: LIBRE | O101: 0 | P101: =C101+E101+G101+I101+K101+M101+O101 -> 44
A102: ECI ÁLCALA DE HENARES | B102: 12:00 - 14:00 y 15:00 - 21:00 | C102: 8 | D102: 12:00 - 14:00 y 15:00 - 21:00 | E102: 8 | F102: LIBRE | G102: 0 | H102: FESTIVO | I102: 8 | J102: 12:00 - 14:00 y 15:00 - 21:00 | K102: 8 | L102: 12:00 - 14:00 y 15:00 - 21:00 | M102: 8 | N102: 12:00 - 14:00 y 15:00 - 21:00 | O102: 8 | P102: =C102+E102+G102+I102+K102+M102+O102 -> 48
A103: ECI RONDA CÓRDOBA | B103: 12:00 - 15:00 y 16:00 - 21:00 | C103: 8 | D103: 12:00 - 15:00 y 16:00 - 21:00 | E103: 8 | F103: 10:00 - 14:00 | G103: 4 | H103: FESTIVO | I103: 8 | J103: 12:00 - 15:00 y 16:00 - 21:00 | K103: 8 | L103: 12:00 - 15:00 y 16:00 - 21:00 | M103: 8 | N103: LIBRE | O103: 0 | P103: =C103+E103+G103+I103+K103+M103+O103 -> 44
A104: ECI SALAMANCA | B104: 12:00 - 14:00 y 15:00 - 21:00 | C104: 8 | D104: 12:00 - 14:00 y 15:00 - 21:00 | E104: 8 | F104: 10:00 - 14:00 | G104: 4 | H104: FESTIVO | I104: 8 | J104: 12:00 - 14:00 y 15:00 - 21:00 | K104: 8 | L104: 12:00 - 14:00 y 15:00 - 21:00 | M104: 8 | N104: 12:00 - 14:00 y 15:00 - 21:00 | O104: 8 | P104: =C104+E104+G104+I104+K104+M104+O104 -> 52 | Q104: 8H extra
A105: ECI GUADALAJARA | B105: 12:00 - 14:00 y 15:00 - 21:00 | C105: 8 | D105: 12:00 - 14:00 y 15:00 - 21:00 | E105: 8 | F105: LIBRE | G105: 0 | H105: FESTIVO | I105: 0 | J105: 12:00 - 14:00 y 15:00 - 21:00 | K105: 8 | L105: 12:00 - 14:00 y 15:00 - 21:00 | M105: 8 | N105: 12:00 - 14:00 y 15:00 - 21:00 | O105: 8 | P105: =C105+E105+G105+I105+K105+M105+O105 -> 40
...

Sheet ENERO 26
A1: W01
A2: CENTRO | B2: Lunes 29 | D2: Martes 30 | F2: Miercoles 31 | H2: Jueves 01 | J2: Viernes 02 | L2: Sábado 03 | N2: Domingo 04 | P2: total | Q2: COMENTARIOS
A3: ECI LEÓN | B3: 12:00 - 14:00 y 15:00 - 21:00 | C3: 8 | D3: 12:00 - 14:00 y 15:00 - 21:00 | E3: 8 | F3: 10:00 - 14:00 | G3: 4 | H3: FESTIVO | I3: 8 | J3: 12:00 - 14:00 y 15:00 - 21:00 | K3: 8 | L3: 12:00 - 14:00 y 15:00 - 21:00 | M3: 8 | N3: 12:00 - 14:00 y 15:00 - 21:00 | O3: 8 | P3: =C3+E3+G3+I3+K3+M3+O3 -> 52 | Q3: 8H extra
A4: ECI COSTA MIJAS | B4: 17:00- 21:00 | C4: 4 | D4: 12:00 - 14:00 y 15:00 - 21:00 | E4: 8 | F4: LIBRE | G4: 0 | H4: FESTIVO | I4: 8 | J4: 12:00 - 14:00 y 15:00 - 21:00 | K4: 8 | L4: 12:00 - 14:00 y 15:00 - 21:00 | M4: 8 | N4: 12:00 - 15:00 y 16:00 - 21:00 | O4: 8 | P4: =C4+E4+G4+I4+K4+M4+O4 -> 44
A5: ECI BAHÍA MÁLAGA | B5: 11:00 - 14:00 y 16:00 - 21:00 | C5: 8 | D5: 17:00- 21:00 | E5: 4 | F5: LIBRE | G5: 0 | H5: FESTIVO | I5: 8 | J5: 11:00 - 14:00 y 16:00 - 21:00 | K5: 8 | L5: 11:00 - 14:00 y 16:00 - 21:00 | M5: 8 | N5: 11:00 - 14:00 y 16:00 - 21:00 | O5: 8 | P5: =C5+E5+G5+I5+K5+M5+O5 -> 44
A6: ECI CORNELLÁ | B6: 12:00 - 14:00 y 15:00 - 21:00 | C6: 8 | D6: 12:00 - 14:00 y 15:00 - 21:00 | E6: 8 | F6: LIBRE | G6: 0 | H6: FESTIVO | I6: 8 | J6: 12:00 - 14:00 y 15:00 - 21:00 | K6: 8 | L6: 12:00 - 14:00 y 15:00 - 21:00 | M6: 8 | N6: LIBRE | O6: 0 | P6: =C6+E6+G6+I6+K6+M6+O6 -> 40
A7: ECI PLAZA DEL DUQUE | B7: 12:00 - 14:00 y 15:00 - 21:00 | C7: 8 | D7: 12:00 - 14:00 y 15:00 - 21:00 | E7: 8 | F7: 10:00 - 14:00 | G7: 4 | H7: FESTIVO | I7: 8 | J7: 12:00 - 14:00 y 15:00 - 21:00 | K7: 8 | L7: 12:00 - 14:00 y 15:00 - 21:00 | M7: 8 | N7: LIBRE | O7: 0 | P7: =C7+E7+G7+I7+K7+M7+O7 -> 44
A8: ECI TALAVERA | B8: 12:00 - 14:00 y 15:00 - 21:00 | C8: 8 | D8: 12:00 - 14:00 y 15:00 - 21:00 | E8: 8 | F8: 10:00 - 14:00 | G8: 4 | H8: FESTIVO | I8: 0 | J8: 12:00 - 14:00 y 15:00 - 21:00 | K8: 8 | L8: 12:00 - 14:00 y 15:00 - 21:00 | M8: 8 | N8: 12:00 - 14:00 y 15:00 - 21:00 | O8: 8 | P8: =C8+E8+G8+I8+K8+M8+O8 -> 44
A9: ECI ZARAGOZA ( SAGASTA) | B9: 12:00 - 14:00 y 15:00 - 21:00 | C9: 8 | D9: 17:00- 21:00 | E9: 4 | F9: 10:00 - 14:00 | G9: 4 | H9: FESTIVO | I9: 8 | J9: 12:00 - 14:00 y 15:00 - 21:00 | K9: 8 | L9: 12:00 - 14:00 y 15:00 - 21:00 | M9: 8 | N9: 12:00 - 14:00 y 15:00 - 21:00 | O9: 8 | P9: =C9+E9+G9+I9+K9+M9+O9 -> 48 | Q9: 8H extra
A10: ECI ÁLCALA DE HENARES | B10: 12:00 - 14:00 y 15:00 - 21:00 | C10: 8 | D10: 17:00- 21:00 | E10: 4 | F10: LIBRE | G10: 0 | H10: FESTIVO | I10: 8 | J10: 12:00 - 14:00 y 15:00 - 21:00 | K10: 8 | L10: 12:00 - 14:00 y 15:00 - 21:00 | M10: 8 | N10: 12:00 - 14:00 y 15:00 - 21:00 | O10: 8 | P10: =C10+E10+G10+I10+K10+M10+O10 -> 44
A11: ECI RONDA CÓRDOBA | B11: 12:00 - 15:00 y 16:00 - 21:00 | C11: 8 | D11: 12:00 - 15:00 y 16:00 - 21:00 | E11: 8 | F11: 10:00 - 14:00 | G11: 4 | H11: FESTIVO | I11: 8 | J11: 12:00 - 15:00 y 16:00 - 21:00 | K11: 8 | L11: 12:00 - 15:00 y 16:00 - 21:00 | M11: 8 | N11: LIBRE | O11: 0 | P11: =C11+E11+G11+I11+K11+M11+O11 -> 44
A12: ECI SALAMANCA | B12: 12:00 - 14:00 y 15:00 - 21:00 | C12: 8 | D12: 12:00 - 14:00 y 15:00 - 21:00 | E12: 8 | F12: 10:00 - 14:00 | G12: 4 | H12: FESTIVO | I12: 8 | J12: 12:00 - 14:00 y 15:00 - 21:00 | K12: 8 | L12: 12:00 - 14:00 y 15:00 - 21:00 | M12: 8 | N12: 12:00 - 14:00 y 15:00 - 21:00 | O12: 8 | P12: =C12+E12+G12+I12+K12+M12+O12 -> 52 | Q12: 8H Extra
A13: ECI GUADALAJARA | B13: 12:00 - 14:00 y 15:00 - 21:00 | C13: 8 | D13: 12:00 - 14:00 y 15:00 - 21:00 | E13: 8 | F13: LIBRE | G13: 0 | H13: FESTIVO | I13: 0 | J13: 12:00 - 14:00 y 15:00 - 21:00 | K13: 8 | L13: 12:00 - 14:00 y 15:00 - 21:00 | M13: 8 | N13: 12:00 - 14:00 y 15:00 - 21:00 | O13: 8 | P13: =C13+E13+G13+I13+K13+M13+O13 -> 40
A14: ECI HUELVA | B14: 11:00 - 14:00 y 16:00 - 21:00 | C14: 8 | D14: 10:30 - 13:30 y 16:00 - 21:00 | E14: 8 | F14: 10:00 - 14:00 | G14: 4 | H14: FESTIVO | I14: 8 | J14: 10:00 - 14:00 y 17:00 - 21:00 | K14: 8 | L14: 10:00 - 14:00 y 17:00 - 21:00 | M14: 8 | N14: LIBRE | O14: 0 | P14: =C14+E14+G14+I14+K14+M14+O14 -> 44
A15: ECI A CORUÑA | B15: 12:00 - 14:00 y 15:00 - 21:00 | C15: 8 | D15: 12:00 - 14:00 y 15:00 - 21:00 | E15: 8 | F15: LIBRE | G15: 0 | H15: FESTIVO | I15: 0 | J15: 12:00 - 14:00 y 15:00 - 21:00 | K15: 8 | L15: 12:00 - 14:00 y 15:00 - 21:00 | M15: 8 | N15: 12:00 - 14:00 y 15:00 - 21:00 | O15: 8 | P15: =C15+E15+G15+I15+K15+M15+O15 -> 40
A16: ECI PAMPLONA | B16: 11:00 - 14:00 y 16:00 - 21:00 | C16: 8 | D16: 17:00- 21:00 | E16: 4 | F16: LIBRE | G16: 0 | H16: FESTIVO | I16: 0 | J16: 11:00 - 14:00 y 16:00 - 21:00 | K16: 8 | L16: 11:00 - 14:00 y 16:00 - 21:00 | M16: 8 | N16: 11:00 - 14:00 y 16:00 - 21:00 | O16: 8 | P16: =C16+E16+G16+I16+K16+M16+O16 -> 36
A17: ECI SAN JOSÉ DE VALDERAS | B17: 12:00 - 15:00 y 16:00 - 21:00 | C17: 8 | D17: 17:00- 21:00 | E17: 4 | F17: LIBRE | G17: 0 | H17: FESTIVO | I17: 8 | J17: 12:00 - 15:00 y 16:00 - 21:00 | K17: 8 | L17: 12:00 - 15:00 y 16:00 - 21:00 | M17: 8 | N17: 12:00 - 14:00 y 15:00 - 21:00 | O17: 8 | P17: =C17+E17+G17+I17+K17+M17+O17 -> 44
A19: W02
A20: CENTRO | B20: Lunes 05 | D20: Martes 06 | F20: Miercoles 07 | H20: Jueves 08 | J20: Viernes 09 | L20: Sábado 10 | N20: Domingo 11 | P20: total | Q20: COMENTARIOS
A21: ECI LEÓN | B21: 12:00 - 14:00 y 15:00 - 21:00 | C21: 8 | D21: FESTIVO | E21: 8 | F21: LIBRE | G21: 0 | H21: LIBRE | I21: 0 | J21: 12:00 - 14:00 y 15:00 - 21:00 | K21: 8 | L21: 12:00 - 14:00 y 15:00 - 21:00 | M21: 8 | N21: 12:00 - 14:00 y 15:00 - 21:00 | O21: 8 | P21: =C21+E21+G21+I21+K21+M21+O21 -> 40
A22: ECI COSTA MIJAS | D22: FESTIVO | E22: 0 | H22: 12:00 - 14:00 y 15:00 - 21:00 | I22: 8 | J22: 12:00 - 14:00 y 15:00 - 21:00 | K22: 8 | L22: 12:00 - 14:00 y 15:00 - 21:00 | M22: 8 | N22: LIBRE | O22: 0 | P22: =C22+E22+G22+I22+K22+M22+O22 -> 24 | Q22: Incorporación 08/01
A23: ECI BAHÍA MÁLAGA | B23: 11:00 - 14:00 y 16:00 - 21:00 | C23: 8 | D23: FESTIVO | E23: 8 | F23: LIBRE | G23: 0 | H23: 11:00 - 14:00 y 16:00 - 21:00 | I23: 8 | J23: 11:00 - 14:00 y 16:00 - 21:00 | K23: 8 | L23: 11:00 - 14:00 y 16:00 - 21:00 | M23: 8 | N23: LIBRE | O23: 0 | P23: =C23+E23+G23+I23+K23+M23+O23 -> 40
A24: ECI CORNELLÁ | B24: 12:00 - 14:00 y 15:00 - 21:00 | C24: 8 | D24: FESTIVO | E24: 0 | F24: 12:00 - 14:00 y 15:00 - 21:00 | G24: 8 | H24: 12:00 - 14:00 y 15:00 - 21:00 | I24: 8 | J24: 12:00 - 14:00 y 15:00 - 21:00 | K24: 8 | L24: 12:00 - 14:00 y 15:00 - 21:00 | M24: 8 | N24: LIBRE | O24: 0 | P24: =C24+E24+G24+I24+K24+M24+O24 -> 40
A25: ECI PLAZA DEL DUQUE | B25: 12:00 - 14:00 y 15:00 - 21:00 | C25: 8 | D25: FESTIVO | E25: 8 | F25: 12:00 - 14:00 y 15:00 - 21:00 | G25: 8 | H25: LIBRE | I25: 0 | J25: 12:00 - 14:00 y 15:00 - 21:00 | K25: 8 | L25: 12:00 - 14:00 y 15:00 - 21:00 | M25: 8 | N25: LIBRE | O25: 0 | P25: =C25+E25+G25+I25+K25+M25+O25 -> 40
A26: ECI TALAVERA | B26: 12:00 - 14:00 y 15:00 - 21:00 | C26: 8 | D26: FESTIVO | E26: 0 | F26: 12:00 - 14:00 y 15:00 - 21:00 | G26: 8 | H26: LIBRE | I26: 0 | J26: 12:00 - 14:00 y 15:00 - 21:00 | K26: 8 | L26: 12:00 - 14:00 y 15:00 - 21:00 | M26: 8 | N26: 12:00 - 14:00 y 15:00 - 21:00 | O26: 8 | P26: =C26+E26+G26+I26+K26+M26+O26 -> 40
A27: ECI ZARAGOZA ( SAGASTA) | B27: 12:00 - 14:00 y 15:00 - 21:00 | C27: 8 | D27: FESTIVO | E27: 0 | F27: LIBRE | G27: 0 | H27: 12:00 - 14:00 y 15:00 - 21:00 | I27: 8 | J27: 12:00 - 14:00 y 15:00 - 21:00 | K27: 8 | L27: 12:00 - 14:00 y 15:00 - 21:00 | M27: 8 | N27: 12:00 - 14:00 y 15:00 - 21:00 | O27: 8 | P27: =C27+E27+G27+I27+K27+M27+O27 -> 40
A28: ECI ÁLCALA DE HENARES | B28: 12:00 - 14:00 y 15:00 - 21:00 | C28: 8 | D28: FESTIVO | E28: 0 | F28: 12:00 - 14:00 y 15:00 - 21:00 | G28: 8 | H28: LIBRE | I28: 0 | J28: 12:00 - 14:00 y 15:00 - 21:00 | K28: 8 | L28: 12:00 - 14:00 y 15:00 - 21:00 | M28: 8 | N28: 12:00 - 14:00 y 15:00 - 21:00 | O28: 8 | P28: =C28+E28+G28+I28+K28+M28+O28 -> 40
A29: ECI RONDA CÓRDOBA | B29: 12:00 - 15:00 y 16:00 - 21:00 | C29: 8 | D29: FESTIVO | E29: 0 | F29: 12:00 - 15:00 y 16:00 - 21:00 | G29: 8 | H29: 12:00 - 15:00 y 16:00 - 21:00 | I29: 8 | J29: 12:00 - 15:00 y 16:00 - 21:00 | K29: 8 | L29: 12:00 - 15:00 y 16:00 - 21:00 | M29: 8 | N29: LIBRE | O29: 0 | P29: =C29+E29+G29+I29+K29+M29+O29 -> 40
A30: ECI SALAMANCA | B30: 12:00 - 14:00 y 15:00 - 21:00 | C30: 8 | D30: FESTIVO | E30: 8 | F30: LIBRE | G30: 0 | H30: 12:00 - 14:00 y 15:00 - 21:00 | I30: 8 | J30: 12:00 - 14:00 y 15:00 - 21:00 | K30: 8 | L30: 12:00 - 14:00 y 15:00 - 21:00 | M30: 8 | N30: 12:00 - 14:00 y 15:00 - 21:00 | O30: 8 | P30: =C30+E30+G30+I30+K30+M30+O30 -> 48 | Q30: 8H extra
A31: ECI GUADALAJARA | B31: 12:00 - 14:00 y 15:00 - 21:00 | C31: 8 | D31: FESTIVO | E31: 0 | F31: LIBRE | G31: 0 | H31: 12:00 - 14:00 y 15:00 - 21:00 | I31: 8 | J31: 12:00 - 14:00 y 15:00 - 21:00 | K31: 8 | L31: 12:00 - 14:00 y 15:00 - 21:00 | M31: 8 | N31: 12:00 - 14:00 y 15:00 - 21:00 | O31: 8 | P31: =C31+E31+G31+I31+K31+M31+O31 -> 40
A32: ECI HUELVA | B32: 11:00 - 14:00 y 16:00 - 21:00 | C32: 8 | D32: FESTIVO | E32: 8 | F32: LIBRE | G32: 0 | H32: 11:00 - 14:00 y 16:00 - 21:00 | I32: 8 | J32: 11:00 - 14:00 y 16:00 - 21:00 | K32: 8 | L32: 11:00 - 14:00 y 16:00 - 21:00 | M32: 8 | N32: LIBRE | O32: 0 | P32: =C32+E32+G32+I32+K32+M32+O32 -> 40
A33: ECI A CORUÑA | D33: FESTIVO | H33: 12:00 - 14:00 y 15:00 - 21:00 | I33: 8 | J33: 12:00 - 14:00 y 15:00 - 21:00 | K33: 8 | L33: 12:00 - 14:00 y 15:00 - 21:00 | M33: 8 | N33: 12:00 - 14:00 y 15:00 - 21:00 | O33: 8 | P33: =C33+E33+G33+I33+K33+M33+O33 -> 32 | Q33: Incorporación 08/01
A34: ECI PAMPLONA | B34: 11:00 - 14:00 y 16:00 - 21:00 | C34: 8 | D34: FESTIVO | E34: 0 | F34: 11:00 - 14:00 y 16:00 - 21:00 | G34: 8 | H34: 11:00 - 14:00 y 16:00 - 21:00 | I34: 8 | J34: 11:00 - 14:00 y 16:00 - 21:00 | K34: 8 | L34: 11:00 - 14:00 y 16:00 - 21:00 | M34: 8 | N34: LIBRE | O34: 0 | P34: =C34+E34+G34+I34+K34+M34+O34 -> 40
A35: ECI SAN JOSÉ DE VALDERAS | B35: 12:00 - 15:00 y 16:00 - 21:00 | C35: 8 | D35: FESTIVO | E35: 0 | F35: 12:00 - 15:00 y 16:00 - 21:00 | G35: 8 | H35: LIBRE | I35: 0 | J35: 12:00 - 15:00 y 16:00 - 21:00 | K35: 8 | L35: 12:00 - 15:00 y 16:00 - 21:00 | M35: 8 | N35: 12:00 - 15:00 y 16:00 - 21:00 | O35: 8 | P35: =C35+E35+G35+I35+K35+M35+O35 -> 40
A37: W03
A38: CENTRO | B38: Lunes 12 | D38: Martes 13 | F38: Miercoles 14 | H38: Jueves 15 | J38: Viernes 16 | L38: Sábado 17 | N38: Domingo 18 | P38: total | Q38: COMENTARIOS
A39: ECI LEÓN | B39: 12:00 - 14:00 y 15:00 - 21:00 | C39: 8 | D39: 12:00 - 14:00 y 15:00 - 21:00 | E39: 8 | F39: LIBRE | G39: 0 | H39: 12:00 - 14:00 y 15:00 - 21:00 | I39: 8 | J39: 12:00 - 14:00 y 15:00 - 21:00 | K39: 8 | L39: 12:00 - 14:00 y 15:00 - 21:00 | M39: 8 | N39: LIBRE | O39: 0 | P39: =C39+E39+G39+I39+K39+M39+O39 -> 40
A40: ECI COSTA MIJAS | B40: LIBRE | C40: 0 | D40: 12:00 - 14:00 y 15:00 - 21:00 | E40: 8 | F40: 12:00 - 14:00 y 15:00 - 21:00 | G40: 8 | H40: 12:00 - 14:00 y 15:00 - 21:00 | I40: 8 | J40: 12:00 - 14:00 y 15:00 - 21:00 | K40: 8 | L40: 12:00 - 14:00 y 15:00 - 21:00 | M40: 8 | N40: LIBRE | O40: 0 | P40: =C40+E40+G40+I40+K40+M40+O40 -> 40
A41: ECI BAHÍA MÁLAGA | B41: 11:00 - 14:00 y 16:00 - 21:00 | C41: 8 | D41: 11:00 - 14:00 y 16:00 - 21:00 | E41: 8 | F41: LIBRE | G41: 0 | H41: 11:00 - 14:00 y 16:00 - 21:00 | I41: 8 | J41: 11:00 - 14:00 y 16:00 - 21:00 | K41: 8 | L41: 11:00 - 14:00 y 16:00 - 21:00 | M41: 8 | N41: LIBRE | O41: 0 | P41: =C41+E41+G41+I41+K41+M41+O41 -> 40
A42: ECI CORNELLÁ | B42: LIBRE | C42: 0 | D42: 12:00 - 14:00 y 15:00 - 21:00 | E42: 8 | F42: 12:00 - 14:00 y 15:00 - 21:00 | G42: 8 | H42: 12:00 - 14:00 y 15:00 - 21:00 | I42: 8 | J42: 12:00 - 14:00 y 15:00 - 21:00 | K42: 8 | L42: 12:00 - 14:00 y 15:00 - 21:00 | M42: 8 | N42: LIBRE | O42: 0 | P42: =C42+E42+G42+I42+K42+M42+O42 -> 40 | Q42: BAJA 13/01
A43: ECI PLAZA DEL DUQUE | B43: LIBRE | C43: 0 | D43: 12:00 - 14:00 y 15:00 - 21:00 | E43: 8 | F43: 12:00 - 14:00 y 15:00 - 21:00 | G43: 8 | H43: 12:00 - 14:00 y 15:00 - 21:00 | I43: 8 | J43: 12:00 - 14:00 y 15:00 - 21:00 | K43: 8 | L43: 12:00 - 14:00 y 15:00 - 21:00 | M43: 8 | N43: LIBRE | O43: 0 | P43: =C43+E43+G43+I43+K43+M43+O43 -> 40
A44: ECI TALAVERA | B44: 12:00 - 14:00 y 15:00 - 21:00 | C44: 8 | D44: 12:00 - 14:00 y 15:00 - 21:00 | E44: 8 | F44: LIBRE | G44: 0 | H44: 12:00 - 14:00 y 15:00 - 21:00 | I44: 8 | J44: 12:00 - 14:00 y 15:00 - 21:00 | K44: 8 | L44: 12:00 - 14:00 y 15:00 - 21:00 | M44: 8 | N44: LIBRE | O44: 0 | P44: =C44+E44+G44+I44+K44+M44+O44 -> 40 | Q44: martes 13/01 entra 2H más tarde
A45: ECI ZARAGOZA ( SAGASTA) | B45: 12:00 - 14:00 y 15:00 - 21:00 | C45: 8 | D45: LIBRE | E45: 0 | F45: 12:00 - 14:00 y 15:00 - 21:00 | G45: 8 | H45: 12:00 - 14:00 y 15:00 - 21:00 | I45: 8 | J45: 12:00 - 14:00 y 15:00 - 21:00 | K45: 8 | L45: 12:00 - 14:00 y 15:00 - 21:00 | M45: 8 | N45: LIBRE | O45: 0 | P45: =C45+E45+G45+I45+K45+M45+O45 -> 40
A46: ECI ÁLCALA DE HENARES | B46: LIBRE | C46: 0 | D46: LIBRE | E46: 0 | F46: 12:00 - 14:00 y 15:00 - 21:00 | G46: 8 | H46: 12:00 - 14:00 y 15:00 - 21:00 | I46: 8 | J46: 12:00 - 14:00 y 15:00 - 21:00 | K46: 8 | L46: 12:00 - 14:00 y 15:00 - 21:00 | M46: 8 | N46: 12:00 - 14:00 y 15:00 - 21:00 | O46: 8 | P46: =C46+E46+G46+I46+K46+M46+O46 -> 40 | Q46: BAJA médica 14/01
A47: ECI RONDA CÓRDOBA | B47: LIBRE | C47: 0 | D47: 12:00 - 15:00 y 16:00 - 21:00 | E47: 8 | F47: 12:00 - 15:00 y 16:00 - 21:00 | G47: 8 | H47: 12:00 - 15:00 y 16:00 - 21:00 | I47: 8 | J47: VACACIONES | L47: VACACIONES | N47: LIBRE | O47: 0 | P47: =C47+E47+G47+I47+K47+M47+O47 -> 24
A48: ECI SALAMANCA | B48: 12:00 - 14:00 y 15:00 - 21:00 | C48: 8 | D48: 12:00 - 14:00 y 15:00 - 21:00 | E48: 8 | F48: LIBRE | G48: 0 | H48: 12:00 - 14:00 y 15:00 - 21:00 | I48: 8 | J48: 12:00 - 14:00 y 15:00 - 21:00 | K48: 8 | L48: 12:00 - 14:00 y 15:00 - 21:00 | M48: 8 | N48: LIBRE | O48: 0 | P48: =C48+E48+G48+I48+K48+M48+O48 -> 40 | Q48: BAJA médica 15/01
A49: ECI GUADALAJARA | B49: LIBRE | C49: 0 | D49: 12:00 - 14:00 y 15:00 - 21:00 | E49: 8 | F49: 12:00 - 14:00 y 15:00 - 21:00 | G49: 8 | H49: 12:00 - 14:00 y 15:00 - 21:00 | I49: 8 | J49: 12:00 - 14:00 y 15:00 - 21:00 | K49: 8 | L49: 12:00 - 14:00 y 15:00 - 21:00 | M49: 8 | N49: LIBRE | O49: 0 | P49: =C49+E49+G49+I49+K49+M49+O49 -> 40
A50: ECI HUELVA | B50: 11:00 - 14:00 y 16:00 - 21:00 | C50: 8 | D50: 11:00 - 14:00 y 16:00 - 21:00 | E50: 8 | F50: LIBRE | G50: 0 | H50: 11:00 - 14:00 y 16:00 - 21:00 | I50: 8 | J50: 11:00 - 14:00 y 16:00 - 21:00 | K50: 8 | L50: 11:00 - 14:00 y 16:00 - 21:00 | M50: 8 | N50: LIBRE | O50: 0 | P50: =C50+E50+G50+I50+K50+M50+O50 -> 40
A51: ECI A CORUÑA | B51: 12:00 - 14:00 y 15:00 - 21:00 | C51: 8 | D51: 12:00 - 14:00 y 15:00 - 21:00 | E51: 8 | F51: 12:00 - 14:00 y 15:00 - 21:00 | G51: 8 | H51: LIBRE | I51: 0 | J51: 12:00 - 14:00 y 15:00 - 21:00 | K51: 8 | L51: 12:00 - 14:00 y 15:00 - 21:00 | M51: 8 | N51: LIBRE | O51: 0 | P51: =C51+E51+G51+I51+K51+M51+O51 -> 40 | Q51: Miercoles 14/01 recuperación domingo 11/01
A52: ECI PAMPLONA | B52: 11:00 - 14:00 y 16:00 - 21:00 | C52: 8 | D52: LIBRE | E52: 0 | F52: 11:00 - 14:00 y 16:00 - 21:00 | G52: 8 | H52: 11:00 - 14:00 y 16:00 - 21:00 | I52: 8 | J52: 11:00 - 14:00 y 16:00 - 21:00 | K52: 8 | L52: 11:00 - 14:00 y 16:00 - 21:00 | M52: 8 | N52: LIBRE | O52: 0 | P52: =C52+E52+G52+I52+K52+M52+O52 -> 40
A53: ECI SAN JOSÉ DE VALDERAS | B53: LIBRE | C53: 0 | D53: LIBRE | E53: 0 | F53: 12:00 - 15:00 y 16:00 - 21:00 | G53: 8 | H53: 12:00 - 15:00 y 16:00 - 21:00 | I53: 8 | J53: 12:00 - 15:00 y 16:00 - 21:00 | K53: 8 | L53: 12:00 - 15:00 y 16:00 - 21:00 | M53: 8 | N53: 12:00 - 15:00 y 16:00 - 21:00 | O53: 8 | P53: =C53+E53+G53+I53+K53+M53+O53 -> 40
A55: W04
A56: CENTRO | B56: Lunes 19 | D56: Martes 20 | F56: Miercoles 21 | H56: Jueves 22 | J56: Viernes 23 | L56: Sábado 24 | N56: Domingo 25 | P56: total | Q56: COMENTARIOS
A57: ECI LEÓN | B57: 12:00 - 14:00 y 15:00 - 21:00 | C57: 8 | D57: 12:00 - 14:00 y 15:00 - 21:00 | E57: 8 | F57: LIBRE | G57: 0 | H57: 12:00 - 14:00 y 15:00 - 21:00 | I57: 8 | J57: 12:00 - 14:00 y 15:00 - 21:00 | K57: 8 | L57: 12:00 - 14:00 y 15:00 - 21:00 | M57: 8 | N57: LIBRE | O57: 0 | P57: =C57+E57+G57+I57+K57+M57+O57 -> 40
A58: ECI COSTA MIJAS | B58: LIBRE | C58: 0 | D58: 12:00 - 14:00 y 15:00 - 21:00 | E58: 8 | F58: 12:00 - 14:00 y 15:00 - 21:00 | G58: 8 | H58: 12:00 - 14:00 y 15:00 - 21:00 | I58: 8 | J58: 12:00 - 14:00 y 15:00 - 21:00 | K58: 8 | L58: 12:00 - 14:00 y 15:00 - 21:00 | M58: 8 | N58: LIBRE | O58: 0 | P58: =C58+E58+G58+I58+K58+M58+O58 -> 40 | Q58: Baja médica
A59: ECI BAHÍA MÁLAGA | B59: 11:00 - 14:00 y 16:00 - 21:00 | C59: 8 | D59: 11:00 - 14:00 y 16:00 - 21:00 | E59: 8 | F59: LIBRE | G59: 0 | H59: 11:00 - 14:00 y 16:00 - 21:00 | I59: 8 | J59: 11:00 - 14:00 y 16:00 - 21:00 | K59: 8 | L59: 11:00 - 14:00 y 16:00 - 21:00 | M59: 8 | N59: LIBRE | O59: 0 | P59: =C59+E59+G59+I59+K59+M59+O59 -> 40
A60: ECI CORNELLÁ | B60: 12:00 - 14:00 y 15:00 - 21:00 | C60: 8 | D60: 12:00 - 14:00 y 15:00 - 21:00 | E60: 8 | F60: 12:00 - 14:00 y 15:00 - 21:00 | G60: 8 | H60: LIBRE | I60: 0 | J60: 12:00 - 14:00 y 15:00 - 21:00 | K60: 8 | L60: 12:00 - 14:00 y 15:00 - 21:00 | M60: 8 | N60: LIBRE | O60: 0 | P60: =C60+E60+G60+I60+K60+M60+O60 -> 40
A61: ECI PLAZA DEL DUQUE | B61: LIBRE | C61: 0 | D61: 12:00 - 14:00 y 15:00 - 21:00 | E61: 1 | F61: 12:00 - 14:00 y 15:00 - 21:00 | G61: 8 | H61: 12:00 - 14:00 y 15:00 - 21:00 | I61: 8 | J61: 12:00 - 14:00 y 15:00 - 21:00 | K61: 8 | L61: 12:00 - 14:00 y 15:00 - 21:00 | M61: 8 | N61: LIBRE | O61: 0 | P61: =C61+E61+G61+I61+K61+M61+O61 -> 33 | Q61: Martes 20/01 entra por la tarde por una cirugía
A62: ECI TALAVERA | B62: VACACIONES | D62: VACACIONES | F62: LIBRE | G62: 0 | H62: 12:00 - 14:00 y 15:00 - 21:00 | I62: 8 | J62: 12:00 - 14:00 y 15:00 - 21:00 | K62: 8 | L62: 12:00 - 14:00 y 15:00 - 21:00 | M62: 8 | N62: LIBRE | O62: 0 | P62: =C62+E62+G62+I62+K62+M62+O62 -> 24
A63: ECI ZARAGOZA ( SAGASTA) | B63: 12:00 - 14:00 y 15:00 - 21:00 | C63: 8 | D63: LIBRE | E63: 0 | F63: 12:00 - 14:00 y 15:00 - 21:00 | G63: 8 | H63: 12:00 - 14:00 y 15:00 - 21:00 | I63: 8 | J63: 12:00 - 14:00 y 15:00 - 21:00 | K63: 8 | L63: 12:00 - 14:00 y 15:00 - 21:00 | M63: 8 | N63: LIBRE | O63: 0 | P63: =C63+E63+G63+I63+K63+M63+O63 -> 40
A64: ECI ÁLCALA DE HENARES | B64: LIBRE | C64: 0 | D64: LIBRE | E64: 0 | F64: 12:00 - 14:00 y 15:00 - 21:00 | G64: 8 | H64: 12:00 - 14:00 y 15:00 - 21:00 | I64: 8 | J64: 12:00 - 14:00 y 15:00 - 21:00 | K64: 8 | L64: 12:00 - 14:00 y 15:00 - 21:00 | M64: 8 | N64: 12:00 - 14:00 y 15:00 - 21:00 | O64: 8 | P64: =C64+E64+G64+I64+K64+M64+O64 -> 40
A65: ECI RONDA CÓRDOBA | B65: LIBRE | C65: 0 | D65: 12:00 - 15:00 y 16:00 - 21:00 | E65: 8 | F65: 12:00 - 15:00 y 16:00 - 21:00 | G65: 8 | H65: 12:00 - 15:00 y 16:00 - 21:00 | I65: 8 | J65: 12:00 - 15:00 y 16:00 - 21:00 | K65: 8 | L65: 12:00 - 15:00 y 16:00 - 21:00 | M65: 8 | N65: LIBRE | O65: 0 | P65: =C65+E65+G65+I65+K65+M65+O65 -> 40
A66: ECI SALAMANCA | B66: 12:00 - 14:00 y 15:00 - 21:00 | C66: 8 | D66: 12:00 - 14:00 y 15:00 - 21:00 | E66: 8 | F66: LIBRE | G66: 0 | H66: 12:00 - 14:00 y 15:00 - 21:00 | I66: 8 | J66: 12:00 - 14:00 y 15:00 - 21:00 | K66: 8 | L66: 12:00 - 14:00 y 15:00 - 21:00 | M66: 8 | N66: LIBRE | O66: 0 | P66: =C66+E66+G66+I66+K66+M66+O66 -> 40
A67: ECI GUADALAJARA | B67: LIBRE | C67: 0 | D67: 12:00 - 14:00 y 15:00 - 21:00 | E67: 8 | F67: VACACIONES | H67: 12:00 - 14:00 y 15:00 - 21:00 | I67: 8 | J67: 12:00 - 14:00 y 15:00 - 21:00 | K67: 8 | L67: 12:00 - 14:00 y 15:00 - 21:00 | M67: 8 | N67: LIBRE | O67: 0 | P67: =C67+E67+G67+I67+K67+M67+O67 -> 32
A68: ECI HUELVA | B68: 11:00 - 14:00 y 16:00 - 21:00 | C68: 8 | D68: 11:00 - 14:00 y 16:00 - 21:00 | E68: 8 | F68: LIBRE | G68: 0 | H68: 11:00 - 14:00 y 16:00 - 21:00 | I68: 8 | J68: 11:00 - 14:00 y 16:00 - 21:00 | K68: 8 | L68: 11:00 - 14:00 y 16:00 - 21:00 | M68: 8 | N68: LIBRE | O68: 0 | P68: =C68+E68+G68+I68+K68+M68+O68 -> 40
A69: ECI A CORUÑA | B69: 12:00 - 14:00 y 15:00 - 21:00 | C69: 8 | D69: 12:00 - 14:00 y 15:00 - 21:00 | E69: 8 | F69: 12:00 - 14:00 y 15:00 - 21:00 | G69: 8 | H69: LIBRE | I69: 0 | J69: 12:00 - 14:00 y 15:00 - 21:00 | K69: 8 | L69: 12:00 - 14:00 y 15:00 - 21:00 | M69: 8 | N69: LIBRE | O69: 0 | P69: =C69+E69+G69+I69+K69+M69+O69 -> 40
A70: ECI PAMPLONA | B70: 11:00 - 14:00 y 16:00 - 21:00 | C70: 8 | D70: LIBRE | E70: 0 | F70: 11:00 - 14:00 y 16:00 - 21:00 | G70: 8 | H70: 11:00 - 14:00 y 16:00 - 21:00 | I70: 8 | J70: 11:00 - 14:00 y 16:00 - 21:00 | K70: 8 | L70: 11:00 - 14:00 y 16:00 - 21:00 | M70: 8 | N70: LIBRE | O70: 0 | P70: =C70+E70+G70+I70+K70+M70+O70 -> 40
A71: ECI SAN JOSÉ DE VALDERAS | B71: LIBRE | C71: 0 | D71: LIBRE | E71: 0 | F71: 12:00 - 15:00 y 16:00 - 21:00 | G71: 8 | H71: VACACIONES | J71: 12:00 - 15:00 y 16:00 - 21:00 | K71: 8 | L71: 12:00 - 15:00 y 16:00 - 21:00 | M71: 8 | N71: 12:00 - 15:00 y 16:00 - 21:00 | O71: 8 | P71: =C71+E71+G71+I71+K71+M71+O71 -> 32
A73: W05
A74: CENTRO | B74: Lunes 26 | D74: Martes 27 | F74: Miercoles 28 | H74: Jueves 29 | J74: Viernes 30 | L74: Sábado 31 | N74: Domingo 01 | P74: total | Q74: COMENTARIOS
A75: ECI LEÓN | B75: 12:00 - 14:00 y 15:00 - 21:00 | C75: 8 | D75: 12:00 - 14:00 y 15:00 - 21:00 | E75: 8 | F75: LIBRE | G75: 0 | H75: 12:00 - 14:00 y 15:00 - 21:00 | I75: 8 | J75: 12:00 - 14:00 y 15:00 - 21:00 | K75: 8 | L75: 12:00 - 14:00 y 15:00 - 21:00 | M75: 8 | N75: LIBRE | O75: 0 | P75: 40
A76: ECI COSTA MIJAS | B76: LIBRE | C76: 0 | D76: 12:00 - 14:00 y 15:00 - 21:00 | E76: 8 | F76: 12:00 - 14:00 y 15:00 - 21:00 | G76: 8 | H76: 12:00 - 14:00 y 15:00 - 21:00 | I76: 8 | J76: 12:00 - 14:00 y 15:00 - 21:00 | K76: 8 | L76: 12:00 - 14:00 y 15:00 - 21:00 | M76: 8 | N76: LIBRE | O76: 0 | P76: 40
A77: ECI BAHÍA MÁLAGA | B77: 11:00 - 14:00 y 16:00 - 21:00 | C77: 8 | D77: 11:00 - 14:00 y 16:00 - 21:00 | E77: 8 | F77: LIBRE | G77: 0 | H77: 11:00 - 14:00 y 16:00 - 21:00 | I77: 8 | J77: 11:00 - 14:00 y 16:00 - 21:00 | K77: 8 | L77: 11:00 - 14:00 y 16:00 - 21:00 | M77: 8 | N77: LIBRE | O77: 0 | P77: 40
A78: ECI CORNELLÁ | B78: LIBRE | C78: 0 | D78: 12:00 - 14:00 y 15:00 - 21:00 | E78: 8 | F78: 12:00 - 14:00 y 15:00 - 21:00 | G78: 8 | H78: 12:00 - 14:00 y 15:00 - 21:00 | I78: 8 | J78: 12:00 - 14:00 y 15:00 - 21:00 | K78: 8 | L78: 12:00 - 14:00 y 15:00 - 21:00 | M78: 8 | N78: LIBRE | O78: 0 | P78: 40
A79: ECI PLAZA DEL DUQUE | B79: 12:00 - 15:00 y 17:00 - 21:00 | C79: 7 | D79: 12:00 - 14:00 y 15:00 - 21:00 | E79: 8 | F79: 12:00 - 14:00 y 15:00 - 21:00 | G79: 8 | H79: VACACIONES | J79: VACACIONES | L79: VACACIONES | N79: LIBRE | O79: 0 | P79: 40 | Q79: recupera 7H, 26/01 por el martes 20/01
A80: ECI TALAVERA | B80: 12:00 - 14:00 y 15:00 - 21:00 | C80: 8 | D80: 12:00 - 14:00 y 15:00 - 21:00 | E80: 8 | F80: LIBRE | G80: 0 | H80: 12:00 - 14:00 y 15:00 - 21:00 | I80: 8 | J80: 12:00 - 14:00 y 15:00 - 21:00 | K80: 8 | L80: 12:00 - 14:00 y 15:00 - 21:00 | M80: 8 | N80: LIBRE | O80: 0 | P80: 40
A81: ECI ZARAGOZA ( SAGASTA) | B81: VACACIONES | D81: LIBRE | E81: 0 | F81: VACACIONES | H81: FESTIVO | I81: 8 | J81: 12:00 - 14:00 y 15:00 - 21:00 | K81: 8 | L81: 12:00 - 14:00 y 15:00 - 21:00 | M81: 8 | N81: LIBRE | O81: 0 | P81: 40 | Q81: festivo día 29/01, cierra el ECI
A82: ECI ÁLCALA DE HENARES | B82: LIBRE | C82: 0 | D82: LIBRE | E82: 0 | F82: 12:00 - 14:00 y 15:00 - 21:00 | G82: 8 | H82: 12:00 - 14:00 y 15:00 - 21:00 | I82: 8 | J82: 12:00 - 14:00 y 15:00 - 21:00 | K82: 8 | L82: 12:00 - 14:00 y 15:00 - 21:00 | M82: 8 | N82: 12:00 - 14:00 y 15:00 - 21:00 | O82: 8 | P82: 40
A83: ECI RONDA CÓRDOBA | B83: LIBRE | C83: 0 | D83: 12:00 - 15:00 y 16:00 - 21:00 | E83: 8 | F83: 12:00 - 15:00 y 16:00 - 21:00 | G83: 8 | H83: 12:00 - 15:00 y 16:00 - 21:00 | I83: 8 | J83: 12:00 - 15:00 y 16:00 - 21:00 | K83: 8 | L83: 12:00 - 15:00 y 16:00 - 21:00 | M83: 8 | N83: LIBRE | O83: 0 | P83: 40
A84: ECI SALAMANCA | B84: 12:00 - 14:00 y 15:00 - 21:00 | C84: 8 | D84: 12:00 - 14:00 y 15:00 - 21:00 | E84: 8 | F84: LIBRE | G84: 0 | H84: 12:00 - 14:00 y 15:00 - 21:00 | I84: 8 | J84: 12:00 - 14:00 y 15:00 - 21:00 | K84: 8 | L84: 12:00 - 14:00 y 15:00 - 21:00 | M84: 8 | N84: LIBRE | O84: 0 | P84: 40
A85: ECI GUADALAJARA | B85: LIBRE | C85: 0 | D85: 12:00 - 14:00 y 15:00 - 21:00 | E85: 8 | F85: VACACIONES | H85: 12:00 - 14:00 y 15:00 - 21:00 | I85: 8 | J85: 12:00 - 14:00 y 15:00 - 21:00 | K85: 8 | L85: 12:00 - 14:00 y 15:00 - 21:00 | M85: 8 | N85: LIBRE | O85: 0 | P85: 40
A86: ECI HUELVA | B86: 11:00 - 14:00 y 16:00 - 21:00 | C86: 8 | D86: 11:00 - 14:00 y 16:00 - 21:00 | E86: 8 | F86: LIBRE | G86: 0 | H86: 11:00 - 14:00 y 16:00 - 21:00 | I86: 8 | J86: 11:00 - 14:00 y 16:00 - 21:00 | K86: 8 | L86: 11:00 - 14:00 y 16:00 - 21:00 | M86: 8 | N86: LIBRE | O86: 0 | P86: 40
A87: ECI A CORUÑA | B87: 12:00 - 14:00 y 15:00 - 21:00 | C87: 8 | D87: LIBRE | E87: 0 | F87: 12:00 - 14:00 y 15:00 - 21:00 | G87: 8 | H87: 12:00 - 14:00 y 15:00 - 21:00 | I87: 8 | J87: 12:00 - 14:00 y 15:00 - 21:00 | K87: 8 | L87: 12:00 - 14:00 y 15:00 - 21:00 | M87: 8 | N87: LIBRE | O87: 0 | P87: 40
A88: ECI PAMPLONA | B88: 11:00 - 14:00 y 16:00 - 21:00 | C88: 8 | D88: LIBRE | E88: 0 | F88: 11:00 - 14:00 y 16:00 - 21:00 | G88: 8 | H88: 11:00 - 14:00 y 16:00 - 21:00 | I88: 8 | J88: 11:00 - 14:00 y 16:00 - 21:00 | K88: 8 | L88: 11:00 - 14:00 y 16:00 - 21:00 | M88: 8 | N88: LIBRE | O88: 0 | P88: 40
A89: ECI SAN JOSÉ DE VALDERAS | B89: LIBRE | C89: 0 | D89: LIBRE | E89: 0 | F89: 12:00 - 15:00 y 16:00 - 21:00 | G89: 8 | H89: 12:00 - 15:00 y 16:00 - 21:00 | I89: 8 | J89: 12:00 - 15:00 y 16:00 - 21:00 | K89: 8 | L89: 12:00 - 15:00 y 16:00 - 21:00 | M89: 8 | N89: 12:00 - 15:00 y 16:00 - 21:00 | O89: 8 | P89: 40

Sheet FEB 2026
A1: W06
A2: CENTRO | B2: 46055 | D2: 46056 | F2: 46057 | H2: 46058 | J2: 46059 | L2: 46060 | N2: 46061 | P2: total | Q2: COMENTARIOS
A3: ECI LEÓN | B3: 12:00 - 14:00 y 15:00 - 21:00 | C3: 8 | D3: 12:00 - 14:00 y 15:00 - 21:00 | E3: 8 | F3: LIBRE | G3: 0 | H3: 12:00 - 14:00 y 15:00 - 21:00 | I3: 8 | J3: 12:00 - 14:00 y 15:00 - 21:00 | K3: 8 | L3: 12:00 - 14:00 y 15:00 - 21:00 | M3: 8 | N3: LIBRE | O3: 0 | P3: =C3+E3+G3+I3+K3+M3+O3 -> 40
A4: ECI COSTA MIJAS | B4: LIBRE | C4: 0 | D4: 12:00 - 14:00 y 15:00 - 21:00 | E4: 8 | F4: 12:00 - 14:00 y 15:00 - 21:00 | G4: 8 | H4: 12:00 - 14:00 y 15:00 - 21:00 | I4: 8 | J4: 12:00 - 14:00 y 15:00 - 21:00 | K4: 8 | L4: 12:00 - 14:00 y 15:00 - 21:00 | M4: 8 | N4: LIBRE | O4: 0 | P4: =C4+E4+G4+I4+K4+M4+O4 -> 40
A5: ECI BAHÍA MÁLAGA | B5: 11:00 - 14:00 y 16:00 - 21:00 | C5: 8 | D5: 11:00 - 14:00 y 16:00 - 21:00 | E5: 8 | F5: LIBRE | G5: 0 | H5: VACACIONES | I5: 0 | J5: 11:00 - 14:00 y 16:00 - 21:00 | K5: 8 | L5: 11:00 - 14:00 y 16:00 - 21:00 | M5: 8 | N5: LIBRE | O5: 0 | P5: =C5+E5+G5+I5+K5+M5+O5 -> 32
A6: ECI CORNELLÁ | B6: 12:00 - 14:00 y 15:00 - 21:00 | C6: 8 | D6: 12:00 - 14:00 y 15:00 - 21:00 | E6: 8 | F6: LIBRE | G6: 0 | H6: 12:00 - 14:00 y 15:00 - 21:00 | I6: 8 | J6: 12:00 - 14:00 y 15:00 - 21:00 | K6: 8 | L6: 12:00 - 14:00 y 15:00 - 21:00 | M6: 8 | N6: LIBRE | O6: 0 | P6: =C6+E6+G6+I6+K6+M6+O6 -> 40
A7: ECI PLAZA DEL DUQUE | B7: LIBRE | C7: 0 | D7: 12:00 - 14:00 y 15:00 - 21:00 | E7: 8 | F7: 12:00 - 14:00 y 15:00 - 21:00 | G7: 8 | H7: 12:00 - 14:00 y 15:00 - 21:00 | I7: 8 | J7: 12:00 - 14:00 y 15:00 - 21:00 | K7: 8 | L7: 12:00 - 14:00 y 15:00 - 21:00 | M7: 8 | N7: LIBRE | O7: 0 | P7: =C7+E7+G7+I7+K7+M7+O7 -> 40 | Q7: Alerta roja en Andalucía
A8: ECI TALAVERA | B8: 12:00 - 14:00 y 15:00 - 21:00 | C8: 8 | D8: 12:00 - 14:00 y 15:00 - 21:00 | E8: 8 | F8: LIBRE | G8: 0 | H8: 12:00 - 14:00 y 15:00 - 21:00 | I8: 8 | J8: 12:00 - 14:00 y 15:00 - 21:00 | K8: 8 | L8: 12:00 - 14:00 y 15:00 - 21:00 | M8: 8 | N8: LIBRE | O8: 0 | P8: =C8+E8+G8+I8+K8+M8+O8 -> 40
A9: ECI ZARAGOZA ( SAGASTA) | B9: 12:00 - 14:00 y 15:00 - 21:00 | C9: 8 | D9: LIBRE | E9: 0 | F9: 12:00 - 14:00 y 15:00 - 21:00 | G9: 8 | H9: 12:00 - 14:00 y 15:00 - 21:00 | I9: 8 | J9: 12:00 - 14:00 y 15:00 - 21:00 | K9: 8 | L9: 12:00 - 14:00 y 15:00 - 21:00 | M9: 8 | N9: LIBRE | O9: 0 | P9: =C9+E9+G9+I9+K9+M9+O9 -> 40
A10: ECI ÁLCALA DE HENARES | B10: LIBRE | C10: 0 | D10: LIBRE | E10: 0 | F10: 12:00 - 14:00 y 15:00 - 21:00 | G10: 8 | H10: 12:00 - 14:00 y 15:00 - 21:00 | I10: 8 | J10: 12:00 - 14:00 y 15:00 - 21:00 | K10: 8 | L10: 12:00 - 14:00 y 15:00 - 21:00 | M10: 8 | N10: 12:00 - 14:00 y 15:00 - 21:00 | O10: 8 | P10: =C10+E10+G10+I10+K10+M10+O10 -> 40 | Q10: Se incorpora 04/02
A11: ECI RONDA CÓRDOBA | B11: LIBRE | C11: 0 | D11: 12:00 - 15:00 y 16:00 - 21:00 | E11: 8 | F11: 12:00 - 15:00 y 16:00 - 21:00 | G11: 8 | H11: 12:00 - 15:00 y 16:00 - 21:00 | I11: 8 | J11: 12:00 - 15:00 y 16:00 - 21:00 | K11: 8 | L11: 12:00 - 15:00 y 16:00 - 21:00 | M11: 8 | N11: LIBRE | O11: 0 | P11: =C11+E11+G11+I11+K11+M11+O11 -> 40 | Q11: robo, entrará más tarde
A12: ECI SALAMANCA | B12: 12:00 - 14:00 y 15:00 - 21:00 | C12: 8 | D12: 12:00 - 14:00 y 15:00 - 21:00 | E12: 8 | F12: LIBRE | G12: 0 | H12: VACACIONES | I12: 0 | J12: VACACIONES | K12: 0 | L12: VACACIONES | M12: 0 | N12: LIBRE | O12: 0 | P12: =C12+E12+G12+I12+K12+M12+O12 -> 16
A13: ECI GUADALAJARA | B13: LIBRE | C13: 0 | D13: 12:00 - 14:00 y 15:00 - 21:00 | E13: 8 | F13: 12:00 - 14:00 y 15:00 - 21:00 | G13: 8 | H13: 12:00 - 14:00 y 15:00 - 21:00 | I13: 8 | J13: 12:00 - 14:00 y 15:00 - 21:00 | K13: 8 | L13: 12:00 - 14:00 y 15:00 - 21:00 | M13: 8 | N13: LIBRE | O13: 0 | P13: =C13+E13+G13+I13+K13+M13+O13 -> 40
A14: ECI HUELVA | B14: 11:00 - 14:00 y 16:00 - 21:00 | C14: 8 | D14: 11:00 - 14:00 y 16:00 - 21:00 | E14: 8 | F14: LIBRE | G14: 0 | H14: 11:00 - 14:00 y 16:00 - 21:00 | I14: 8 | J14: 11:00 - 14:00 y 16:00 - 21:00 | K14: 8 | L14: 11:00 - 14:00 y 16:00 - 21:00 | M14: 8 | N14: LIBRE | O14: 0 | P14: =C14+E14+G14+I14+K14+M14+O14 -> 40
A15: ECI A CORUÑA | B15: 12:00 - 14:00 y 15:00 - 21:00 | C15: 8 | D15: LIBRE | E15: 0 | F15: 12:00 - 14:00 y 15:00 - 21:00 | G15: 8 | H15: 12:00 - 14:00 y 15:00 - 21:00 | I15: 8 | J15: 12:00 - 14:00 y 15:00 - 21:00 | K15: 8 | L15: 12:00 - 14:00 y 15:00 - 21:00 | M15: 8 | N15: LIBRE | O15: 0 | P15: =C15+E15+G15+I15+K15+M15+O15 -> 40
A16: ECI PAMPLONA | B16: VACACIONES | D16: LIBRE | E16: 0 | F16: VACACIONES | G16: 0 | H16: 11:00 - 14:00 y 16:00 - 21:00 | I16: 8 | J16: 11:00 - 14:00 y 16:00 - 21:00 | K16: 8 | L16: 11:00 - 14:00 y 16:00 - 21:00 | M16: 8 | N16: LIBRE | O16: 0 | P16: =C16+E16+G16+I16+K16+M16+O16 -> 24
A17: ECI SAN JOSÉ DE VALDERAS | B17: LIBRE | C17: 0 | D17: LIBRE | E17: 0 | F17: 12:00 - 15:00 y 16:00 - 21:00 | G17: 8 | H17: VACACIONES | I17: 0 | J17: 12:00 - 15:00 y 16:00 - 21:00 | K17: 8 | L17: 12:00 - 15:00 y 16:00 - 21:00 | M17: 8 | N17: 12:00 - 15:00 y 16:00 - 21:00 | O17: 8 | P17: =C17+E17+G17+I17+K17+M17+O17 -> 32
A19: W07
A20: CENTRO | B20: 46062 | D20: 46063 | F20: Miercoles 11/02/26 | H20: 46065 | J20: 46066 | L20: 46067 | N20: 46068 | P20: total | Q20: COMENTARIOS
A21: ECI LEÓN | B21: 12:00 - 14:00 y 15:00 - 21:00 | C21: 8 | D21: 12:00 - 14:00 y 15:00 - 21:00 | E21: 8 | F21: 12:00 - 14:00 y 15:00 - 21:00 | G21: 8 | H21: LIBRE | I21: 0 | J21: 12:00 - 14:00 y 15:00 - 21:00 | K21: 8 | L21: 12:00 - 14:00 y 15:00 - 21:00 | M21: 8 | N21: LIBRE | O21: 0 | P21: =C3+E3+G3+I3+K3+M3+O3 -> 40 | Q21: Modificacion de día libre por formadores
A22: ECI COSTA MIJAS | B22: LIBRE | C22: 0 | D22: 12:00 - 14:00 y 15:00 - 21:00 | E22: 8 | F22: 12:00 - 14:00 y 15:00 - 21:00 | G22: 8 | H22: 12:00 - 14:00 y 15:00 - 21:00 | I22: 8 | J22: 12:00 - 14:00 y 15:00 - 21:00 | K22: 8 | L22: 12:00 - 14:00 y 15:00 - 21:00 | M22: 8 | N22: LIBRE | O22: 0 | P22: =C4+E4+G4+I4+K4+M4+O4 -> 40
A23: ECI BAHÍA MÁLAGA | B23: 11:00 - 14:00 y 16:00 - 21:00 | C23: 8 | D23: 11:00 - 14:00 y 16:00 - 21:00 | E23: 8 | F23: LIBRE | G23: 0 | H23: 11:00 - 14:00 y 16:00 - 21:00 | I23: 8 | J23: 11:00 - 14:00 y 16:00 - 21:00 | K23: 8 | L23: 11:00 - 14:00 y 16:00 - 21:00 | M23: 8 | N23: LIBRE | O23: 0 | P23: =C23+E23+I23+K23+M23+O23 -> 40
A24: ECI CORNELLÁ | B24: 12:00 - 14:00 y 15:00 - 21:00 | C24: 8 | D24: 12:00 - 14:00 y 15:00 - 21:00 | E24: 8 | F24: LIBRE | G24: 0 | H24: 12:00 - 14:00 y 15:00 - 21:00 | I24: 8 | J24: 12:00 - 14:00 y 15:00 - 21:00 | K24: 8 | L24: 12:00 - 14:00 y 15:00 - 21:00 | M24: 8 | N24: LIBRE | O24: 0 | P24: =C6+E6+G6+I6+K6+M6+O6 -> 40 | Q24: Alerta roja
A25: ECI PLAZA DEL DUQUE | B25: 12:00 - 14:00 y 15:00 - 21:00 | C25: 8 | D25: LIBRE | E25: 0 | F25: 12:00 - 14:00 y 15:00 - 21:00 | G25: 8 | H25: 12:00 - 14:00 y 15:00 - 21:00 | I25: 8 | J25: 12:00 - 14:00 y 15:00 - 21:00 | K25: 8 | L25: 12:00 - 14:00 y 15:00 - 21:00 | M25: 8 | N25: LIBRE | O25: 0 | P25: =C7+E7+G7+I7+K7+M7+O7 -> 40
A26: ECI TALAVERA | B26: 12:00 - 14:00 y 15:00 - 21:00 | C26: 8 | D26: 12:00 - 14:00 y 15:00 - 21:00 | E26: 8 | F26: LIBRE | G26: 0 | H26: 16:00 - 21:00 | I26: 5 | J26: 12:00 - 14:00 y 15:00 - 21:00 | K26: 8 | L26: 12:00 - 14:00 y 15:00 - 21:00 | M26: 8 | N26: LIBRE | O26: 0 | P26: =C8+E8+G8+I8+K8+M8+O8 -> 40
A27: ECI ZARAGOZA ( SAGASTA) | B27: 12:00 - 14:00 y 15:00 - 21:00 | C27: 8 | D27: LIBRE | E27: 0 | F27: 12:00 - 14:00 y 15:00 - 21:00 | G27: 8 | H27: 12:00 - 14:00 y 15:00 - 21:00 | I27: 8 | J27: 12:00 - 14:00 y 15:00 - 21:00 | K27: 8 | L27: 12:00 - 14:00 y 15:00 - 21:00 | M27: 8 | N27: LIBRE | O27: 0 | P27: =C9+E9+G9+I9+K9+M9+O9 -> 40
A28: ECI ÁLCALA DE HENARES | B28: LIBRE | C28: 0 | D28: LIBRE | E28: 0 | F28: 12:00 - 14:00 y 15:00 - 21:00 | G28: 8 | H28: 12:00 - 14:00 y 15:00 - 21:00 | I28: 8 | J28: 12:00 - 14:00 y 15:00 - 21:00 | K28: 8 | L28: 12:00 - 14:00 y 15:00 - 21:00 | M28: 8 | N28: 12:00 - 14:00 y 15:00 - 21:00 | O28: 8 | P28: =C10+E10+G10+I10+K10+M10+O10 -> 40
A29: ECI RONDA CÓRDOBA | B29: LIBRE | C29: 0 | D29: 12:00 - 15:00 y 16:00 - 21:00 | E29: 8 | F29: 12:00 - 15:00 y 16:00 - 21:00 | G29: 8 | H29: 12:00 - 15:00 y 16:00 - 21:00 | I29: 8 | J29: 12:00 - 15:00 y 16:00 - 21:00 | K29: 8 | L29: 12:00 - 15:00 y 16:00 - 21:00 | M29: 8 | N29: LIBRE | O29: 0 | P29: =C11+E11+G11+I11+K11+M11+O11 -> 40
A30: ECI SALAMANCA | B30: 12:00 - 14:00 y 15:00 - 21:00 | C30: 8 | D30: 16:00 – 21:00 | E30: 5 | F30: 16:00 – 21:00 | G30: 5 | H30: 15:00 – 21:00 | I30: 6 | J30: 12:00 - 14:00 y 15:00 - 21:00 | K30: 8 | L30: 12:00 - 14:00 y 15:00 - 21:00 | M30: 8 | N30: LIBRE | O30: 0 | P30: =C30+E30+G30+I30+K30+M30+O30 -> 40
A31: ECI GUADALAJARA | B31: LIBRE | C31: 0 | D31: 12:00 - 14:00 y 15:00 - 21:00 | E31: 8 | F31: 12:00 - 14:00 y 15:00 - 21:00 | G31: 8 | H31: 12:00 - 14:00 y 15:00 - 21:00 | I31: 8 | J31: 12:00 - 14:00 y 15:00 - 21:00 | K31: 8 | L31: 12:00 - 14:00 y 15:00 - 21:00 | M31: 8 | N31: LIBRE | O31: 0 | P31: =C13+E13+G13+I13+K13+M13+O13 -> 40
A32: ECI HUELVA | B32: 11:00 - 14:00 y 16:00 - 21:00 | C32: 8 | D32: 16:00 – 21:00 | E32: 5 | F32: 16:00 – 21:00 | G32: 5 | H32: 15:00 – 21:00 | I32: 6 | J32: 11:00 - 14:00 y 16:00 - 21:00 | K32: 8 | L32: 11:00 - 14:00 y 16:00 - 21:00 | M32: 8 | N32: LIBRE | O32: 0 | P32: =C14+E14+G14+I14+K14+M14+O14 -> 40
A33: ECI A CORUÑA | B33: 12:00 - 14:00 y 15:00 - 21:00 | C33: 8 | D33: LIBRE | E33: 0 | F33: 12:00 - 14:00 y 15:00 - 21:00 | G33: 8 | H33: 12:00 - 14:00 y 15:00 - 21:00 | I33: 8 | J33: 12:00 - 14:00 y 15:00 - 21:00 | K33: 8 | L33: 12:00 - 14:00 y 15:00 - 21:00 | M33: 8 | N33: LIBRE | O33: 0 | P33: =C15+E15+G15+I15+K15+M15+O15 -> 40
A34: ECI PAMPLONA | B34: 11:00 - 14:00 y 16:00 - 21:00 | C34: 8 | D34: LIBRE | E34: 0 | F34: 11:00 - 14:00 y 16:00 - 21:00 | G34: 8 | H34: 11:00 - 14:00 y 16:00 - 21:00 | I34: 8 | J34: 11:00 - 14:00 y 16:00 - 21:00 | K34: 8 | L34: 11:00 - 14:00 y 16:00 - 21:00 | M34: 8 | N34: LIBRE | O34: 0 | P34: =C34+E34+G34+I34+K34+M34+O34 -> 40
A35: ECI SAN JOSÉ DE VALDERAS | B35: LIBRE | C35: 0 | D35: LIBRE | E35: 0 | F35: VACACIONES | H35: 12:00 - 15:00 y 16:00 - 21:00 | I35: 8 | J35: 12:00 - 15:00 y 16:00 - 21:00 | K35: 8 | L35: 12:00 - 15:00 y 16:00 - 21:00 | M35: 8 | N35: 12:00 - 15:00 y 16:00 - 21:00 | O35: 8 | P35: =C17+E17+G17+I17+K17+M17+O17 -> 32
A37: W08
A38: CENTRO | B38: 46069 | D38: 46070 | F38: Miercoles 18/02/26 | H38: 46072 | J38: 46073 | L38: 46074 | N38: 46075 | P38: total | Q38: COMENTARIOS
A39: ECI LEÓN | B39: 12:00 - 14:00 y 15:00 - 21:00 | C39: 8 | D39: 12:00 - 14:00 y 15:00 - 21:00 | E39: 8 | F39: LIBRE | G39: 0 | H39: 12:00 - 14:00 y 15:00 - 21:00 | I39: 8 | J39: 12:00 - 14:00 y 15:00 - 21:00 | K39: 8 | L39: 12:00 - 14:00 y 15:00 - 21:00 | M39: 8 | N39: LIBRE | O39: 0 | P39: =C39+E39+G39+I39+M39+O39+K39 -> 40
A40: ECI COSTA MIJAS | B40: LIBRE | C40: 0 | D40: 12:00 - 14:00 y 15:00 - 21:00 | E40: 8 | F40: 12:00 - 14:00 y 15:00 - 21:00 | G40: 8 | H40: 12:00 - 14:00 y 15:00 - 21:00 | I40: 8 | J40: 12:00 - 14:00 y 15:00 - 21:00 | K40: 8 | L40: 12:00 - 14:00 y 15:00 - 21:00 | M40: 8 | N40: LIBRE | O40: 0 | P40: =C40+E40+G40+I40+M40+O40+K40 -> 40
A41: ECI BAHÍA MÁLAGA | B41: 11:00 - 14:00 y 16:00 - 21:00 | C41: 8 | D41: 11:00 - 14:00 y 16:00 - 21:00 | E41: 8 | F41: LIBRE | G41: 0 | H41: 11:00 - 14:00 y 16:00 - 21:00 | I41: 8 | J41: 11:00 - 14:00 y 16:00 - 21:00 | K41: 8 | L41: 11:00 - 14:00 y 16:00 - 21:00 | M41: 8 | N41: LIBRE | O41: 0 | P41: =C41+E41+G41+I41+M41+O41+K41 -> 40
A42: ECI CORNELLÁ | B42: 12:00 - 14:00 y 15:00 - 21:00 | C42: 8 | D42: 12:00 - 14:00 y 15:00 - 21:00 | E42: 8 | F42: LIBRE | G42: 0 | H42: 12:00 - 14:00 y 15:00 - 21:00 | I42: 8 | J42: 12:00 - 14:00 y 15:00 - 21:00 | K42: 8 | L42: 12:00 - 14:00 y 15:00 - 21:00 | M42: 8 | N42: LIBRE | O42: 0 | P42: =C42+E42+G42+I42+M42+O42+K42 -> 40
A43: ECI PLAZA DEL DUQUE | B43: 12:00 - 14:00 y 15:00 - 21:00 | C43: 8 | D43: 12:00 - 14:00 y 15:00 - 21:00 | E43: 8 | F43: 12:00 - 14:00 y 15:00 - 21:00 | G43: 8 | H43: 12:00 - 14:00 y 15:00 - 21:00 | I43: 8 | J43: 12:00 - 14:00 y 15:00 - 21:00 | K43: 8 | L43: 12:00 - 14:00 y 15:00 - 21:00 | M43: 8 | N43: LIBRE | O43: 0 | P43: =C43+E43+G43+I43+M43+O43+K43 -> 48 | Q43: Recupera el día 04/02
A44: ECI TALAVERA | B44: 12:00 - 14:00 y 15:00 - 21:00 | C44: 8 | D44: VACACIONES | F44: LIBRE | G44: 0 | H44: 12:00 - 14:00 y 15:00 - 21:00 | I44: 8 | J44: 12:00 - 14:00 y 15:00 - 21:00 | K44: 8 | L44: 12:00 - 14:00 y 15:00 - 21:00 | M44: 8 | N44: LIBRE | O44: 0 | P44: =C44+E44+G44+I44+M44+O44+K44 -> 32
A45: ECI ZARAGOZA ( SAGASTA) | B45: 12:00 - 14:00 y 15:00 - 21:00 | C45: 8 | D45: LIBRE | E45: 0 | F45: 12:00 - 14:00 y 15:00 - 21:00 | G45: 8 | H45: 12:00 - 14:00 y 15:00 - 21:00 | I45: 8 | J45: 12:00 - 14:00 y 15:00 - 21:00 | K45: 8 | L45: 12:00 - 14:00 y 15:00 - 21:00 | M45: 8 | N45: LIBRE | O45: 0 | P45: =C45+E45+G45+I45+M45+O45+K45 -> 40
A46: ECI ÁLCALA DE HENARES | B46: LIBRE | C46: 0 | D46: LIBRE | E46: 0 | F46: 12:00 - 14:00 y 15:00 - 21:00 | G46: 8 | H46: 12:00 - 14:00 y 15:00 - 21:00 | I46: 8 | J46: 12:00 - 14:00 y 15:00 - 21:00 | K46: 8 | L46: 12:00 - 14:00 y 15:00 - 21:00 | M46: 8 | N46: 12:00 - 14:00 y 15:00 - 21:00 | O46: 8 | P46: =C46+E46+G46+I46+M46+O46+K46 -> 40
A47: ECI RONDA CÓRDOBA | B47: LIBRE | C47: 0 | D47: 12:00 - 15:00 y 16:00 - 21:00 | E47: 8 | F47: 12:00 - 15:00 y 16:00 - 21:00 | G47: 8 | H47: 12:00 - 15:00 y 16:00 - 21:00 | I47: 8 | J47: 12:00 - 15:00 y 16:00 - 21:00 | K47: 8 | L47: 12:00 - 15:00 y 16:00 - 21:00 | M47: 8 | N47: LIBRE | O47: 0 | P47: =C47+E47+G47+I47+M47+O47+K47 -> 40 | Q47: Enfermo
A48: ECI SALAMANCA | B48: 12:00 - 14:00 y 15:00 - 21:00 | C48: 8 | D48: 16:00 – 21:00 | E48: 5 | F48: 16:00 – 21:00 | G48: 5 | H48: 15:00 – 21:00 | I48: 6 | J48: 12:00 - 14:00 y 15:00 - 21:00 | K48: 8 | L48: 12:00 - 14:00 y 15:00 - 21:00 | M48: 8 | N48: LIBRE | O48: 0 | P48: =C48+E48+G48+I48+M48+O48+K48 -> 40
A49: ECI GUADALAJARA | B49: LIBRE | C49: 0 | D49: 12:00 - 14:00 y 15:00 - 21:00 | E49: 8 | F49: 12:00 - 14:00 y 15:00 - 21:00 | G49: 8 | H49: 12:00 - 14:00 y 15:00 - 21:00 | I49: 8 | J49: 12:00 - 14:00 y 15:00 - 21:00 | K49: 8 | L49: VACACIONES | N49: LIBRE | O49: 0 | P49: =C49+E49+G49+I49+M49+O49+K49 -> 32
A50: ECI HUELVA | B50: 11:00 - 14:00 y 16:00 - 21:00 | C50: 8 | D50: 16:00 – 21:00 | E50: 5 | F50: 16:00 – 21:00 | G50: 5 | H50: 15:00 – 21:00 | I50: 6 | J50: 11:00 - 14:00 y 16:00 - 21:00 | K50: 8 | L50: 11:00 - 14:00 y 16:00 - 21:00 | M50: 8 | N50: LIBRE | O50: 0 | P50: =C50+E50+G50+I50+M50+O50+K50 -> 40
A51: ECI A CORUÑA | B51: 12:00 - 14:00 y 15:00 - 21:00 | C51: 8 | D51: LIBRE | E51: 0 | F51: 12:00 - 14:00 y 15:00 - 21:00 | G51: 8 | H51: 12:00 - 14:00 y 15:00 - 21:00 | I51: 8 | J51: 12:00 - 14:00 y 15:00 - 21:00 | K51: 8 | L51: 12:00 - 14:00 y 15:00 - 21:00 | M51: 8 | N51: LIBRE | O51: 0 | P51: =C51+E51+G51+I51+M51+O51+K51 -> 40
A52: ECI PAMPLONA | B52: 11:00 - 14:00 y 16:00 - 21:00 | C52: 8 | D52: 11:00 - 14:00 y 16:00 - 21:00 | E52: 8 | F52: 11:00 - 14:00 y 16:00 - 21:00 | G52: 8 | H52: 11:00 - 14:00 y 16:00 - 21:00 | I52: 8 | J52: 11:00 - 14:00 y 16:00 - 21:00 | K52: 8 | L52: 11:00 - 14:00 y 16:00 - 21:00 | M52: 8 | N52: LIBRE | O52: 0 | P52: =C52+E52+G52+I52+M52+O52+K52 -> 48
A53: ECI SAN JOSÉ DE VALDERAS | B53: LIBRE | C53: 0 | D53: LIBRE | E53: 0 | F53: 12:00 - 15:00 y 16:00 - 21:00 | G53: 8 | H53: 12:00 - 15:00 y 16:00 - 21:00 | I53: 8 | J53: 12:00 - 15:00 y 16:00 - 21:00 | K53: 8 | L53: 12:00 - 15:00 y 16:00 - 21:00 | M53: 8 | N53: 12:00 - 15:00 y 16:00 - 21:00 | O53: 8 | P53: =C53+E53+G53+I53+M53+O53+K53 -> 40
A55: W09
A56: CENTRO | B56: 46076 | D56: 46077 | F56: Miercoles 25/02/26 | H56: 46079 | J56: 46080 | L56: 46081 | N56: 46082 | P56: total | Q56: COMENTARIOS
A57: ECI LEÓN | B57: 12:00 - 14:00 y 15:00 - 21:00 | C57: 8 | D57: 12:00 - 14:00 y 15:00 - 21:00 | E57: 8 | F57: LIBRE | G57: 0 | H57: 12:00 - 14:00 y 15:00 - 21:00 | I57: 8 | J57: 12:00 - 14:00 y 15:00 - 21:00 | K57: 8 | L57: 12:00 - 14:00 y 15:00 - 21:00 | M57: 8 | N57: LIBRE | O57: 0 | P57: 40
A58: ECI COSTA MIJAS | B58: LIBRE | C58: 0 | D58: 12:00 - 14:00 y 15:00 - 21:00 | E58: 8 | F58: 12:00 - 14:00 y 15:00 - 21:00 | G58: 8 | H58: 12:00 - 14:00 y 15:00 - 21:00 | I58: 8 | J58: 12:00 - 14:00 y 15:00 - 21:00 | K58: 8 | L58: FESTIVO | M58: 8 | N58: LIBRE | O58: 0 | P58: 40
A59: ECI BAHÍA MÁLAGA | B59: 11:00 - 14:00 y 16:00 - 21:00 | C59: 8 | D59: 11:00 - 14:00 y 16:00 - 21:00 | E59: 8 | F59: LIBRE | G59: 0 | H59: 11:00 - 14:00 y 16:00 - 21:00 | I59: 8 | J59: 11:00 - 14:00 y 16:00 - 21:00 | K59: 8 | L59: FESTIVO | M59: 8 | N59: LIBRE | O59: 0 | P59: 40
A60: ECI CORNELLÁ | B60: 12:00 - 14:00 y 15:00 - 21:00 | C60: 8 | D60: 12:00 - 14:00 y 15:00 - 21:00 | E60: 8 | F60: LIBRE | G60: 0 | H60: 12:00 - 14:00 y 15:00 - 21:00 | I60: 8 | J60: 12:00 - 14:00 y 15:00 - 21:00 | K60: 8 | L60: 12:00 - 14:00 y 15:00 - 21:00 | M60: 8 | N60: LIBRE | O60: 0 | P60: 40
A61: ECI PLAZA DEL DUQUE | B61: LIBRE | C61: 0 | D61: 12:00 - 14:00 y 15:00 - 21:00 | E61: 8 | F61: 12:00 - 14:00 y 15:00 - 21:00 | G61: 8 | H61: 12:00 - 14:00 y 15:00 - 21:00 | I61: 8 | J61: 12:00 - 14:00 y 15:00 - 21:00 | K61: 8 | L61: FESTIVO | M61: 8 | N61: LIBRE | O61: 0 | P61: 40
A62: ECI TALAVERA | B62: 12:00 - 14:00 y 15:00 - 21:00 | C62: 8 | D62: 12:00 - 14:00 y 15:00 - 21:00 | E62: 8 | F62: LIBRE | G62: 0 | H62: 12:00 - 14:00 y 15:00 - 21:00 | I62: 8 | J62: 12:00 - 14:00 y 15:00 - 21:00 | K62: 8 | L62: 12:00 - 14:00 y 15:00 - 21:00 | M62: 8 | N62: LIBRE | O62: 0 | P62: 40
A63: ECI ZARAGOZA ( SAGASTA) | B63: VACACIONES | D63: LIBRE | E63: 0 | F63: 12:00 - 14:00 y 15:00 - 21:00 | G63: 8 | H63: 12:00 - 14:00 y 15:00 - 21:00 | I63: 8 | J63: 12:00 - 14:00 y 15:00 - 21:00 | K63: 8 | L63: 12:00 - 14:00 y 15:00 - 21:00 | M63: 8 | N63: LIBRE | O63: 0 | P63: 32
A64: ECI ÁLCALA DE HENARES | B64: LIBRE | C64: 0 | D64: LIBRE | E64: 0 | F64: 12:00 - 14:00 y 15:00 - 21:00 | G64: 8 | H64: 12:00 - 14:00 y 15:00 - 21:00 | I64: 8 | J64: 12:00 - 14:00 y 15:00 - 21:00 | K64: 8 | L64: 12:00 - 14:00 y 15:00 - 21:00 | M64: 8 | N64: 12:00 - 14:00 y 15:00 - 21:00 | O64: 8 | P64: 40
A65: ECI RONDA CÓRDOBA | B65: LIBRE | C65: 0 | D65: 12:00 - 15:00 y 16:00 - 21:00 | E65: 8 | F65: 12:00 - 15:00 y 16:00 - 21:00 | G65: 8 | H65: 12:00 - 15:00 y 16:00 - 21:00 | I65: 8 | J65: VACACIONES | L65: FESTIVO | M65: 8 | N65: LIBRE | O65: 0 | P65: 40
A66: ECI SALAMANCA | B66: 12:00 - 14:00 y 15:00 - 21:00 | C66: 8 | D66: 16:00 – 21:00 | E66: 5 | F66: 16:00 – 21:00 | G66: 5 | H66: 15:00 – 21:00 | I66: 6 | J66: 12:00 - 14:00 y 15:00 - 21:00 | K66: 8 | L66: 12:00 - 14:00 y 15:00 - 21:00 | M66: 8 | N66: LIBRE | O66: 0 | P66: 40
A67: ECI GUADALAJARA | B67: LIBRE | C67: 0 | D67: 12:00 - 14:00 y 15:00 - 21:00 | E67: 8 | F67: 12:00 - 14:00 y 15:00 - 21:00 | G67: 8 | H67: 12:00 - 14:00 y 15:00 - 21:00 | I67: 8 | J67: 12:00 - 14:00 y 15:00 - 21:00 | K67: 8 | L67: 12:00 - 14:00 y 15:00 - 21:00 | M67: 8 | N67: LIBRE | O67: 0 | P67: 40
A68: ECI HUELVA | B68: 11:00 - 14:00 y 16:00 - 21:00 | C68: 8 | D68: 16:00 – 21:00 | E68: 5 | F68: 16:00 – 21:00 | G68: 5 | H68: 15:00 – 21:00 | I68: 6 | J68: VACACIONES | L68: FESTIVO | M68: 8 | N68: LIBRE | O68: 0 | P68: 40
A69: ECI A CORUÑA | B69: 12:00 - 14:00 y 15:00 - 21:00 | C69: 8 | D69: LIBRE | E69: 0 | F69: 12:00 - 14:00 y 15:00 - 21:00 | G69: 8 | H69: 12:00 - 14:00 y 15:00 - 21:00 | I69: 8 | J69: 12:00 - 14:00 y 15:00 - 21:00 | K69: 8 | L69: 12:00 - 14:00 y 15:00 - 21:00 | M69: 8 | N69: LIBRE | O69: 0 | P69: 40
A70: ECI PAMPLONA | B70: 11:00 - 14:00 y 16:00 - 21:00 | C70: 8 | D70: LIBRE | E70: 0 | F70: LIBRE | G70: 0 | H70: 11:00 - 14:00 y 16:00 - 21:00 | I70: 8 | J70: 11:00 - 14:00 y 16:00 - 21:00 | K70: 8 | L70: 11:00 - 14:00 y 16:00 - 21:00 | M70: 8 | N70: LIBRE | O70: 0 | P70: 40
A71: ECI SAN JOSÉ DE VALDERAS | B71: LIBRE | C71: 0 | D71: LIBRE | E71: 0 | F71: 12:00 - 15:00 y 16:00 - 21:00 | G71: 8 | H71: 12:00 - 15:00 y 16:00 - 21:00 | I71: 8 | J71: 12:00 - 15:00 y 16:00 - 21:00 | K71: 8 | L71: 12:00 - 15:00 y 16:00 - 21:00 | M71: 8 | N71: 12:00 - 15:00 y 16:00 - 21:00 | O71: 8 | P71: 40

Sheet MAR 2026
A2: W10
A3: CENTRO | B3: 46083 | D3: 46084 | F3: 46085 | H3: 46086 | J3: 46087 | L3: 46088 | N3: 46089 | P3: total
A4: ECI LEÓN | B4: 13:00 - 16:00 y 17:00 - 22:00 | C4: 8 | D4: LIBRE | E4: 0 | F4: 12:00 - 14:00 y 15:00 - 21:00 | G4: 8 | H4: 12:00 - 14:00 y 15:00 - 21:00 | I4: 8 | J4: 12:00 - 14:00 y 15:00 - 21:00 | K4: 8 | L4: 12:00 - 14:00 y 15:00 - 21:00 | M4: 8 | N4: LIBRE | O4: 0 | P4: =C4+E4+G4+I4+K4+M4+O4 -> 40
A5: ECI COSTA MIJAS | B5: LIBRE | C5: 0 | D5: 12:00 - 14:00 y 15:00 - 21:00 | E5: 8 | F5: 12:00 - 14:00 y 15:00 - 21:00 | G5: 8 | H5: 12:00 - 14:00 y 15:00 - 21:00 | I5: 8 | J5: 12:00 - 14:00 y 15:00 - 21:00 | K5: 8 | L5: 12:00 - 14:00 y 15:00 - 21:00 | M5: 8 | N5: LIBRE | O5: 0 | P5: =C5+E5+G5+I5+K5+M5+O5 -> 40
A6: ECI BAHÍA MÁLAGA | B6: 11:00 - 14:00 y 16:00 - 21:00 | C6: 8 | D6: 11:00 - 14:00 y 16:00 - 21:00 | E6: 8 | F6: LIBRE | G6: 0 | H6: 11:00 - 14:00 y 16:00 - 21:00 | I6: 8 | J6: 11:00 - 14:00 y 16:00 - 21:00 | K6: 8 | L6: 11:00 - 14:00 y 16:00 - 21:00 | M6: 8 | N6: LIBRE | O6: 0 | P6: =C6+E6+G6+I6+K6+M6+O6 -> 40
A7: ECI CORNELLÁ | B7: 12:00 - 14:00 y 15:00 - 21:00 | C7: 8 | D7: 12:00 - 14:00 y 15:00 - 21:00 | E7: 8 | F7: LIBRE | G7: 0 | H7: 12:00 - 14:00 y 15:00 - 21:00 | I7: 8 | J7: 12:00 - 14:00 y 15:00 - 21:00 | K7: 8 | L7: 12:00 - 14:00 y 15:00 - 21:00 | M7: 8 | N7: LIBRE | O7: 0 | P7: =C7+E7+G7+I7+K7+M7+O7 -> 40
A8: ECI PLAZA DEL DUQUE | B8: LIBRE | C8: 0 | D8: 12:00 - 14:00 y 15:00 - 21:00 | E8: 8 | F8: 12:00 - 14:00 y 15:00 - 21:00 | G8: 8 | H8: 12:00 - 14:00 y 15:00 - 21:00 | I8: 8 | J8: 12:00 - 14:00 y 15:00 - 21:00 | K8: 8 | L8: 12:00 - 14:00 y 15:00 - 21:00 | M8: 8 | N8: LIBRE | O8: 0 | P8: =C8+E8+G8+I8+K8+M8+O8 -> 40
A9: ECI TALAVERA | B9: 12:00 - 14:00 y 15:00 - 21:00 | C9: 8 | D9: 12:00 - 14:00 y 15:00 - 21:00 | E9: 8 | F9: LIBRE | G9: 0 | H9: 12:00 - 14:00 y 15:00 - 21:00 | I9: 8 | J9: 12:00 - 14:00 y 15:00 - 21:00 | K9: 8 | L9: 12:00 - 14:00 y 15:00 - 21:00 | M9: 8 | N9: LIBRE | O9: 0 | P9: =C9+E9+G9+I9+K9+M9+O9 -> 40
A10: ECI ZARAGOZA ( SAGASTA) | B10: 12:00 - 14:00 y 15:00 - 21:00 | C10: 8 | D10: LIBRE | E10: 0 | F10: 12:00 - 14:00 y 15:00 - 21:00 | G10: 8 | H10: FESTIVO (cierre) | I10: 8 | J10: 12:00 - 14:00 y 15:00 - 21:00 | K10: 8 | L10: 12:00 - 14:00 y 15:00 - 21:00 | M10: 8 | N10: LIBRE | O10: 0 | P10: =C10+E10+G10+I10+K10+M10+O10 -> 40
A11: ECI ÁLCALA DE HENARES | B11: 12:00 - 14:00 y 15:00 - 21:00 | C11: 8 | D11: LIBRE | E11: 0 | F11: LIBRE | G11: 0 | H11: 12:00 - 14:00 y 15:00 - 21:00 | I11: 8 | J11: 12:00 - 14:00 y 15:00 - 21:00 | K11: 8 | L11: 12:00 - 14:00 y 15:00 - 21:00 | M11: 8 | N11: 12:00 - 14:00 y 15:00 - 21:00 | O11: 8 | P11: =C11+E11+G11+I11+K11+M11+O11 -> 40
A12: ECI RONDA CÓRDOBA | B12: LIBRE | C12: 0 | D12: 12:00 - 15:00 y 16:00 - 21:00 | E12: 8 | F12: 12:00 - 15:00 y 16:00 - 21:00 | G12: 8 | H12: 12:00 - 15:00 y 16:00 - 21:00 | I12: 8 | J12: 12:00 - 15:00 y 16:00 - 21:00 | K12: 8 | L12: 12:00 - 15:00 y 16:00 - 21:00 | M12: 8 | N12: LIBRE | O12: 0 | P12: =C12+E12+G12+I12+K12+M12+O12 -> 40
A13: ECI SALAMANCA | B13: 12:00 - 14:00 y 15:00 - 21:00 | C13: 8 | D13: 16:00 – 21:00 | E13: 5 | F13: 16:00 – 21:00 | G13: 5 | H13: 15:00 – 21:00 | I13: 6 | J13: 12:00 - 14:00 y 15:00 - 21:00 | K13: 8 | L13: 12:00 - 14:00 y 15:00 - 21:00 | M13: 8 | N13: LIBRE | O13: 0 | P13: =C13+E13+G13+I13+K13+M13+O13 -> 40
A14: ECI GUADALAJARA | B14: LIBRE | C14: 0 | D14: 12:00 - 14:00 y 15:00 - 21:00 | E14: 8 | F14: 12:00 - 14:00 y 15:00 - 21:00 | G14: 8 | H14: 12:00 - 14:00 y 15:00 - 21:00 | I14: 8 | J14: 12:00 - 14:00 y 15:00 - 21:00 | K14: 8 | L14: 12:00 - 14:00 y 15:00 - 21:00 | M14: 8 | N14: LIBRE | O14: 0 | P14: =C14+E14+G14+I14+K14+M14+O14 -> 40
A15: ECI HUELVA | B15: 12:00 - 14:00 y 15:00 - 21:00 | C15: 8 | D15: 16:00 – 21:00 | E15: 5 | F15: 16:00 – 21:00 | G15: 5 | H15: 15:00 – 21:00 | I15: 6 | J15: 12:00 - 14:00 y 15:00 - 21:00 | K15: 8 | L15: 12:00 - 14:00 y 15:00 - 21:00 | M15: 8 | N15: LIBRE | O15: 0 | P15: =C15+E15+G15+I15+K15+M15+O15 -> 40
... A18: ECI SAN JOSÉ DE VALDERAS | B18: LIBRE | C18: 0 | D18: 12:00 - 15:00 y 16:00 - 21:00 | E18: 8 | F18: LIBRE | G18: 0 | H18: 12:00 - 15:00 y 16:00 - 21:00 | I18: 8 | J18: 12:00 - 15:00 y 16:00 - 21:00 | K18: 8 | L18: 12:00 - 15:00 y 16:00 - 21:00 | M18: 8 | N18: 12:00 - 15:00 y 16:00 - 21:00 | O18: 8 | P18: =C18+E18+G18+I18+K18+M18+O18 -> 40
A21: W11
A22: CENTRO | B22: 46090 | D22: 46091 | F22: Miercoles 11/03/26 | H22: 46093 | J22: 46094 | L22: 46095 | N22: 46096 | P22: total | Q22: COMENTARIOS
A23: ECI LEÓN | B23: 13:00 - 16:00 y 17:00 - 22:00 | C23: 8 | D23: 11:00 - 14:00 y 16:00 - 21:00 | E23: 8 | F23: LIBRE | G23: 0 | H23: 11:00 - 14:00 y 16:00 - 21:00 | I23: 8 | J23: 11:00 - 14:00 y 16:00 - 21:00 | K23: 8 | L23: 11:00 - 14:00 y 16:00 - 21:00 | M23: 8 | N23: LIBRE | O23: 0 | P23: =C23+E23+G23+I23+K23+M23+O23 -> 40
A24: ECI COSTA MIJAS | B24: LIBRE | C24: 0 | D24: 12:00 - 14:00 y 15:00 - 21:00 | E24: 8 | F24: 12:00 - 14:00 y 15:00 - 21:00 | G24: 8 | H24: 12:00 - 14:00 y 15:00 - 21:00 | I24: 8 | J24: 12:00 - 14:00 y 15:00 - 21:00 | K24: 8 | L24: 12:00 - 14:00 y 15:00 - 21:00 | M24: 8 | N24: LIBRE | O24: 0 | P24: =C24+E24+G24+I24+K24+M24+O24 -> 40
A25: ECI BAHÍA MÁLAGA | B25: 11:00 - 14:00 y 16:00 - 21:00 | C25: 8 | D25: 11:00 - 14:00 y 16:00 - 21:00 | E25: 8 | F25: LIBRE | G25: 0 | H25: 11:00 - 14:00 y 16:00 - 21:00 | I25: 8 | J25: 11:00 - 14:00 y 16:00 - 21:00 | K25: 8 | L25: 11:00 - 14:00 y 16:00 - 21:00 | M25: 8 | N25: LIBRE | O25: 0 | P25: =C25+E25+G25+I25+K25+M25+O25 -> 40
A26: ECI CORNELLÁ | B26: 12:00 - 14:00 y 15:00 - 21:00 | C26: 8 | D26: 12:00 - 14:00 y 15:00 - 21:00 | E26: 8 | F26: LIBRE | G26: 0 | H26: 12:00 - 14:00 y 15:00 - 21:00 | I26: 8 | J26: 12:00 - 14:00 y 15:00 - 21:00 | K26: 8 | L26: 12:00 - 14:00 y 15:00 - 21:00 | M26: 8 | N26: LIBRE | O26: 0 | P26: =C26+E26+G26+I26+K26+M26+O26 -> 40
A27: ECI PLAZA DEL DUQUE | B27: LIBRE | C27: 0 | D27: 12:00 - 14:00 y 15:00 - 21:00 | E27: 8 | F27: 12:00 - 14:00 y 15:00 - 21:00 | G27: 8 | H27: 12:00 - 14:00 y 15:00 - 21:00 | I27: 8 | J27: 12:00 - 14:00 y 15:00 - 21:00 | K27: 8 | L27: 12:00 - 14:00 y 15:00 - 21:00 | M27: 8 | N27: LIBRE | O27: 0 | P27: =C27+E27+G27+I27+K27+M27+O27 -> 40 | Q27: Enfermedad
A28: ECI TALAVERA | B28: 12:00 - 14:00 y 15:00 - 21:00 | C28: 8 | D28: 12:00 - 14:00 y 15:00 - 21:00 | E28: 8 | F28: 12:00 - 14:00 y 15:00 - 21:00 | G28: 8 | H28: 12:00 - 14:00 y 15:00 - 21:00 | I28: 8 | J28: 12:00 - 14:00 y 15:00 - 21:00 | K28: 8 | L28: LIBRE | M28: 0 | N28: LIBRE | O28: 0 | P28: =C28+E28+G28+I28+K28+M28+O28 -> 40
A29: ECI ZARAGOZA ( SAGASTA) | B29: 12:00 - 14:00 y 15:00 - 21:00 | C29: 8 | D29: LIBRE | E29: 0 | F29: 12:00 - 14:00 y 15:00 - 21:00 | G29: 8 | H29: 12:00 - 14:00 y 15:00 - 21:00 | I29: 8 | J29: 12:00 - 14:00 y 15:00 - 21:00 | K29: 8 | L29: 12:00 - 14:00 y 15:00 - 21:00 | M29: 8 | N29: LIBRE | O29: 0 | P29: =C29+E29+G29+I29+K29+M29+O29 -> 40
A30: ECI ÁLCALA DE HENARES | B30: 12:00 - 14:00 y 15:00 - 21:00 | C30: 8 | D30: LIBRE | E30: 0 | F30: LIBRE | G30: 0 | H30: 12:00 - 14:00 y 15:00 - 21:00 | I30: 8 | J30: 12:00 - 14:00 y 15:00 - 21:00 | K30: 8 | L30: 12:00 - 14:00 y 15:00 - 21:00 | M30: 8 | N30: 12:00 - 14:00 y 15:00 - 21:00 | O30: 8 | P30: =C30+E30+G30+I30+K30+M30+O30 -> 40
A31: ECI RONDA CÓRDOBA | B31: LIBRE | C31: 0 | D31: 12:00 - 15:00 y 16:00 - 21:00 | E31: 8 | F31: 12:00 - 15:00 y 16:00 - 21:00 | G31: 8 | H31: 12:00 - 15:00 y 16:00 - 21:00 | I31: 8 | J31: 12:00 - 15:00 y 16:00 - 21:00 | K31: 8 | L31: 12:00 - 15:00 y 16:00 - 21:00 | M31: 8 | N31: LIBRE | O31: 0 | P31: =C31+E31+G31+I31+K31+M31+O31 -> 40 | Q31: Accidente de coche
A32: ECI SALAMANCA | B32: 12:00 - 14:00 y 15:00 - 21:00 | C32: 8 | D32: 16:00 – 21:00 | E32: 5 | F32: 16:00 – 21:00 | G32: 5 | H32: 15:00 – 21:00 | I32: 6 | J32: 12:00 - 14:00 y 15:00 - 21:00 | K32: 8 | L32: 12:00 - 14:00 y 15:00 - 21:00 | M32: 8 | N32: 15:00 – 21:00 | O32: 6 | P32: =C32+E32+G32+I32+K32+M32+O32 -> 46
A33: ECI GUADALAJARA | B33: LIBRE | C33: 0 | D33: 12:00 - 14:00 y 15:00 - 21:00 | E33: 8 | F33: 12:00 - 14:00 y 15:00 - 21:00 | G33: 8 | H33: 12:00 - 14:00 y 15:00 - 21:00 | I33: 8 | J33: 12:00 - 14:00 y 15:00 - 21:00 | K33: 8 | L33: 12:00 - 14:00 y 15:00 - 21:00 | M33: 8 | N33: LIBRE | O33: 0 | P33: =C33+E33+G33+I33+K33+M33+O33 -> 40
A34: ECI HUELVA | B34: 12:00 - 14:00 y 15:00 - 21:00 | C34: 8 | D34: 16:00 – 21:00 | E34: 5 | F34: 16:00 – 21:00 | G34: 5 | H34: 15:00 – 21:00 | I34: 6 | J34: 12:00 - 14:00 y 15:00 - 21:00 | K34: 8 | L34: 12:00 - 14:00 y 15:00 - 21:00 | M34: 8 | N34: LIBRE | O34: 0 | P34: =C34+E34+G34+I34+K34+M34+O34 -> 40
A35: ECI A CORUÑA | B35: 12:00 - 14:00 y 15:00 - 21:00 | C35: 8 | D35: LIBRE | E35: 0 | F35: 12:00 - 14:00 y 15:00 - 21:00 | G35: 8 | H35: 12:00 - 14:00 y 15:00 - 21:00 | I35: 8 | J35: 12:00 - 14:00 y 15:00 - 21:00 | K35: 8 | L35: 12:00 - 14:00 y 15:00 - 21:00 | M35: 8 | N35: LIBRE | O35: 0 | P35: =C35+E35+G35+I35+K35+M35+O35 -> 40
A36: ECI PAMPLONA | B36: 11:00 - 14:00 y 16:00 - 21:00 | C36: 8 | D36: 11:00 - 14:00 y 16:00 - 21:00 | E36: 8 | F36: LIBRE | G36: 0 | H36: 11:00 - 14:00 y 16:00 - 21:00 | I36: 8 | J36: 11:00 - 14:00 y 16:00 - 21:00 | K36: 8 | L36: 11:00 - 14:00 y 16:00 - 21:00 | M36: 8 | N36: LIBRE | O36: 0 | P36: =C36+E36+G36+I36+K36+M36+O36 -> 40
A37: ECI SAN JOSÉ DE VALDERAS | B37: LIBRE | C37: 0 | D37: LIBRE | E37: 0 | F37: 12:00 - 15:00 y 16:00 - 21:00 | G37: 8 | H37: 12:00 - 15:00 y 16:00 - 21:00 | I37: 8 | J37: 12:00 - 15:00 y 16:00 - 21:00 | K37: 8 | L37: 12:00 - 15:00 y 16:00 - 21:00 | M37: 8 | N37: 12:00 - 15:00 y 16:00 - 21:00 | O37: 8 | P37: =C37+E37+G37+I37+K37+M37+O37 -> 40
A39: W12
A40: CENTRO | B40: 46097 | D40: 46098 | F40: Miercoles 18/03/26 | H40: 46100 | J40: 46101 | L40: 46102 | N40: 46103 | P40: total
A41: ECI LEÓN | B41: 13:00 - 16:00 y 17:00 - 22:00 | C41: 8 | D41: 11:00 - 14:00 y 16:00 - 21:00 | E41: 8 | F41: LIBRE | G41: 0 | H41: 11:00 - 14:00 y 16:00 - 21:00 | I41: 8 | J41: 11:00 - 14:00 y 16:00 - 21:00 | K41: 8 | L41: 11:00 - 14:00 y 16:00 - 21:00 | M41: 8 | N41: LIBRE | O41: 0 | P41: =C41+E41+G41+I41+K41+M41+O41 -> 40
A42: ECI COSTA MIJAS | B42: LIBRE | C42: 0 | D42: 12:00 - 14:00 y 15:00 - 21:00 | E42: 8 | F42: 12:00 - 14:00 y 15:00 - 21:00 | G42: 8 | H42: 12:00 - 14:00 y 15:00 - 21:00 | I42: 8 | J42: 12:00 - 14:00 y 15:00 - 21:00 | K42: 8 | L42: 12:00 - 14:00 y 15:00 - 21:00 | M42: 8 | N42: LIBRE | O42: 0 | P42: =C42+E42+G42+I42+K42+M42+O42 -> 40
A43: ECI BAHÍA MÁLAGA | B43: 11:00 - 14:00 y 16:00 - 21:00 | C43: 8 | D43: 11:00 - 14:00 y 16:00 - 21:00 | E43: 8 | F43: LIBRE | G43: 0 | H43: 11:00 - 14:00 y 16:00 - 21:00 | I43: 8 | J43: 11:00 - 14:00 y 16:00 - 21:00 | K43: 8 | L43: 11:00 - 14:00 y 16:00 - 21:00 | M43: 8 | N43: LIBRE | O43: 0 | P43: =C43+E43+G43+I43+K43+M43+O43 -> 40
A44: ECI CORNELLÁ | B44: 12:00 - 14:00 y 15:00 - 21:00 | C44: 8 | D44: 12:00 - 14:00 y 15:00 - 21:00 | E44: 8 | F44: LIBRE | G44: 0 | H44: VACACIONES | J44: VACACIONES | L44: VACACIONES | N44: LIBRE | O44: 0 | P44: =C44+E44+G44+I44+K44+M44+O44 -> 16
A45: ECI PLAZA DEL DUQUE | B45: LIBRE | C45: 0 | D45: 12:00 - 14:00 y 15:00 - 21:00 | E45: 8 | F45: 12:00 - 14:00 y 15:00 - 21:00 | G45: 8 | H45: 12:00 - 14:00 y 15:00 - 21:00 | I45: 8 | J45: 12:00 - 14:00 y 15:00 - 21:00 | K45: 8 | L45: 12:00 - 14:00 y 15:00 - 21:00 | M45: 8 | N45: LIBRE | O45: 0 | P45: =C45+E45+G45+I45+K45+M45+O45 -> 40
A46: ECI TALAVERA | B46: 12:00 - 14:00 y 15:00 - 21:00 | C46: 8 | D46: 12:00 - 14:00 y 15:00 - 21:00 | E46: 8 | F46: LIBRE | G46: 0 | H46: 12:00 - 14:00 y 15:00 - 21:00 | I46: 8 | J46: 12:00 - 14:00 y 15:00 - 21:00 | K46: 8 | L46: 12:00 - 14:00 y 15:00 - 21:00 | M46: 8 | N46: LIBRE | O46: 0 | P46: =C46+E46+G46+I46+K46+M46+O46 -> 40
A47: ECI ZARAGOZA ( SAGASTA) | B47: 12:00 - 14:00 y 15:00 - 21:00 | C47: 8 | D47: LIBRE | E47: 0 | F47: 12:00 - 14:00 y 15:00 - 21:00 | G47: 8 | H47: 12:00 - 14:00 y 15:00 - 21:00 | I47: 8 | J47: 12:00 - 14:00 y 15:00 - 21:00 | K47: 8 | L47: 12:00 - 14:00 y 15:00 - 21:00 | M47: 8 | N47: LIBRE | O47: 0 | P47: =C47+E47+G47+I47+K47+M47+O47 -> 40
A48: ECI ÁLCALA DE HENARES | B48: 12:00 - 14:00 y 15:00 - 21:00 | C48: 8 | D48: LIBRE | E48: 0 | F48: LIBRE | G48: 0 | H48: 12:00 - 14:00 y 15:00 - 21:00 | I48: 8 | J48: 12:00 - 14:00 y 15:00 - 21:00 | K48: 8 | L48: 12:00 - 14:00 y 15:00 - 21:00 | M48: 8 | N48: 12:00 - 14:00 y 15:00 - 21:00 | O48: 8 | P48: =C48+E48+G48+I48+K48+M48+O48 -> 40
A49: ECI RONDA CÓRDOBA | B49: LIBRE | C49: 0 | D49: 12:00 - 15:00 y 16:00 - 21:00 | E49: 8 | F49: 12:00 - 15:00 y 16:00 - 21:00 | G49: 8 | H49: 12:00 - 15:00 y 16:00 - 21:00 | I49: 8 | J49: 12:00 - 15:00 y 16:00 - 21:00 | K49: 8 | L49: 12:00 - 15:00 y 16:00 - 21:00 | M49: 8 | N49: LIBRE | O49: 0 | P49: =C49+E49+G49+I49+K49+M49+O49 -> 40
A50: ECI SALAMANCA | B50: 12:00 - 14:00 y 15:00 - 21:00 | C50: 8 | D50: 16:00 – 21:00 | E50: 5 | F50: 16:00 – 21:00 | G50: 5 | H50: LIBRE | I50: 0 | J50: 12:00 - 14:00 y 15:00 - 21:00 | K50: 0 | L50: 12:00 - 14:00 y 15:00 - 21:00 | M50: 8 | N50: LIBRE | O50: 0 | P50: =C50+E50+G50+I50+K50+M50+O50 -> 26
A51: ECI GUADALAJARA | B51: LIBRE | C51: 0 | D51: 12:00 - 14:00 y 15:00 - 21:00 | E51: 8 | F51: 12:00 - 14:00 y 15:00 - 21:00 | G51: 8 | H51: 12:00 - 14:00 y 15:00 - 21:00 | I51: 8 | J51: 12:00 - 14:00 y 15:00 - 21:00 | K51: 8 | L51: 12:00 - 14:00 y 15:00 - 21:00 | M51: 8 | N51: LIBRE | O51: 0 | P51: =C51+E51+G51+I51+K51+M51+O51 -> 40
A52: ECI HUELVA | B52: 12:00 - 14:00 y 15:00 - 21:00 | C52: 8 | D52: 16:00 – 21:00 | E52: 5 | F52: 16:00 – 21:00 | G52: 5 | H52: 15:00 – 21:00 | I52: 6 | J52: 12:00 - 14:00 y 15:00 - 21:00 | K52: 8 | L52: 12:00 - 14:00 y 15:00 - 21:00 | M52: 8 | N52: LIBRE | O52: 0 | P52: =C52+E52+G52+I52+K52+M52+O52 -> 40
A53: ECI A CORUÑA | B53: 12:00 - 14:00 y 15:00 - 21:00 | C53: 8 | D53: LIBRE | E53: 0 | F53: 12:00 - 14:00 y 15:00 - 21:00 | G53: 8 | H53: FESTIVO (cierre) | I53: 8 | J53: VACACIONES | L53: 12:00 - 14:00 y 15:00 - 21:00 | M53: 8 | N53: LIBRE | O53: 0 | P53: =C53+E53+G53+I53+K53+M53+O53 -> 32
A54: ECI PAMPLONA | B54: 11:00 - 14:00 y 16:00 - 21:00 | C54: 8 | D54: LIBRE | E54: 0 | F54: 11:00 - 14:00 y 16:00 - 21:00 | G54: 8 | H54: FESTIVO (cierre) | I54: 8 | J54: 11:00 - 14:00 y 16:00 - 21:00 | K54: 8 | L54: 11:00 - 14:00 y 16:00 - 21:00 | M54: 8 | N54: LIBRE | O54: 0 | P54: =C54+E54+G54+I54+K54+M54+O54 -> 40
A55: ECI SAN JOSÉ DE VALDERAS | B55: LIBRE | C55: 0 | D55: LIBRE | E55: 0 | F55: 12:00 - 15:00 y 16:00 - 21:00 | G55: 8 | H55: 12:00 - 15:00 y 16:00 - 21:00 | I55: 8 | J55: 12:00 - 15:00 y 16:00 - 21:00 | K55: 8 | L55: 12:00 - 15:00 y 16:00 - 21:00 | M55: 8 | N55: 12:00 - 15:00 y 16:00 - 21:00 | O55: 8 | P55: =C55+E55+G55+I55+K55+M55+O55 -> 40
A57: W13
A58: CENTRO | B58: 46104 | D58: 46105 | F58: Miercoles 25/03/26 | H58: 46107 | J58: 46108 | L58: 46109 | N58: 46110 | P58: total
A59: ECI LEÓN | B59: 13:00 - 16:00 y 17:00 - 22:00 | C59: 8 | D59: 12:00 - 14:00 y 15:00 - 21:00 | E59: 8 | F59: LIBRE | G59: 0 | H59: 12:00 - 14:00 y 15:00 - 21:00 | I59: 8 | J59: 12:00 - 14:00 y 15:00 - 21:00 | K59: 8 | L59: 12:00 - 14:00 y 15:00 - 21:00 | M59: 8 | N59: LIBRE | O59: 0 | P59: =C59+E59+G59+I59+K59+M59+O59 -> 40
A60: ECI COSTA MIJAS | B60: LIBRE | C60: 0 | D60: 12:00 - 14:00 y 15:00 - 21:00 | E60: 8 | F60: 12:00 - 14:00 y 15:00 - 21:00 | G60: 8 | H60: 12:00 - 14:00 y 15:00 - 21:00 | I60: 8 | J60: 12:00 - 14:00 y 15:00 - 21:00 | K60: 8 | L60: 12:00 - 14:00 y 15:00 - 21:00 | M60: 8 | N60: LIBRE | O60: 0 | P60: =C60+E60+G60+I60+K60+M60+O60 -> 40
A61: ECI BAHÍA MÁLAGA | B61: 11:00 - 14:00 y 16:00 - 21:00 | C61: 8 | D61: 11:00 - 14:00 y 16:00 - 21:00 | E61: 8 | F61: LIBRE | G61: 0 | H61: 11:00 - 14:00 y 16:00 - 21:00 | I61: 8 | J61: 11:00 - 14:00 y 16:00 - 21:00 | K61: 8 | L61: 11:00 - 14:00 y 16:00 - 21:00 | M61: 8 | N61: LIBRE | O61: 0 | P61: =C61+E61+G61+I61+K61+M61+O61 -> 40
A62: ECI CORNELLÁ | B62: 12:00 - 14:00 y 15:00 - 21:00 | C62: 8 | D62: 12:00 - 14:00 y 15:00 - 21:00 | E62: 8 | F62: LIBRE | G62: 0 | H62: 12:00 - 14:00 y 15:00 - 21:00 | I62: 8 | J62: 12:00 - 14:00 y 15:00 - 21:00 | K62: 8 | L62: 12:00 - 14:00 y 15:00 - 21:00 | M62: 8 | N62: LIBRE | O62: 0 | P62: =C62+E62+G62+I62+K62+M62+O62 -> 40
A63: ECI PLAZA DEL DUQUE | B63: LIBRE | C63: 0 | D63: 12:00 - 14:00 y 15:00 - 21:00 | E63: 8 | F63: 12:00 - 14:00 y 15:00 - 21:00 | G63: 8 | H63: 12:00 - 14:00 y 15:00 - 21:00 | I63: 8 | J63: 12:00 - 14:00 y 15:00 - 21:00 | K63: 8 | L63: 12:00 - 14:00 y 15:00 - 21:00 | M63: 8 | N63: LIBRE | O63: 0 | P63: =C63+E63+G63+I63+K63+M63+O63 -> 40
A64: ECI TALAVERA | B64: 12:00 - 14:00 y 15:00 - 21:00 | C64: 8 | D64: 12:00 - 14:00 y 15:00 - 21:00 | E64: 8 | F64: LIBRE | G64: 0 | H64: 12:00 - 14:00 y 15:00 - 21:00 | I64: 8 | J64: 12:00 - 14:00 y 15:00 - 21:00 | K64: 8 | L64: 12:00 - 14:00 y 15:00 - 21:00 | M64: 8 | N64: LIBRE | O64: 0 | P64: =C64+E64+G64+I64+K64+M64+O64 -> 40
A65: ECI ZARAGOZA ( SAGASTA) | B65: 12:00 - 14:00 y 15:00 - 21:00 | C65: 8 | D65: LIBRE | E65: 0 | F65: 12:00 - 14:00 y 15:00 - 21:00 | G65: 8 | H65: 12:00 - 14:00 y 15:00 - 21:00 | I65: 8 | J65: 12:00 - 14:00 y 15:00 - 21:00 | K65: 8 | L65: 12:00 - 14:00 y 15:00 - 21:00 | M65: 8 | N65: LIBRE | O65: 0 | P65: =C65+E65+G65+I65+K65+M65+O65 -> 40
A66: ECI ÁLCALA DE HENARES | B66: 12:00 - 14:00 y 15:00 - 21:00 | C66: 8 | D66: LIBRE | E66: 0 | F66: LIBRE | G66: 0 | H66: 12:00 - 14:00 y 15:00 - 21:00 | I66: 8 | J66: 12:00 - 14:00 y 15:00 - 21:00 | K66: 8 | L66: 12:00 - 14:00 y 15:00 - 21:00 | M66: 8 | N66: 12:00 - 14:00 y 15:00 - 21:00 | O66: 8 | P66: =C66+E66+G66+I66+K66+M66+O66 -> 40
A67: ECI RONDA CÓRDOBA | B67: LIBRE | C67: 0 | D67: 12:00 - 15:00 y 16:00 - 21:00 | E67: 8 | F67: 12:00 - 15:00 y 16:00 - 21:00 | G67: 8 | H67: 12:00 - 15:00 y 16:00 - 21:00 | I67: 8 | J67: 12:00 - 15:00 y 16:00 - 21:00 | K67: 8 | L67: 12:00 - 15:00 y 16:00 - 21:00 | M67: 8 | N67: LIBRE | O67: 0 | P67: =C67+E67+G67+I67+K67+M67+O67 -> 40
A68: ECI SALAMANCA | B68: 12:00 - 14:00 y 15:00 - 21:00 | C68: 8 | D68: 16:00 – 21:00 | E68: 5 | F68: 11:00 - 14:00 y 16:00 - 21:00 | G68: 8 | H68: 11:00 - 14:00 y 16:00 - 21:00 | I68: 8 | J68: 12:00 - 14:00 y 15:00 - 21:00 | K68: 8 | L68: 12:00 - 14:00 y 15:00 - 21:00 | M68: 8 | N68: LIBRE | O68: 0 | P68: =C68+E68+G68+I68+K68+M68+O68 -> 45
A69: ECI GUADALAJARA | B69: LIBRE | C69: 0 | D69: 12:00 - 14:00 y 15:00 - 21:00 | E69: 8 | F69: 12:00 - 14:00 y 15:00 - 21:00 | G69: 8 | H69: 12:00 - 14:00 y 15:00 - 21:00 | I69: 8 | J69: 12:00 - 14:00 y 15:00 - 21:00 | K69: 8 | L69: 12:00 - 14:00 y 15:00 - 21:00 | M69: 8 | N69: LIBRE | O69: 0 | P69: =C69+E69+G69+I69+K69+M69+O69 -> 40
A70: ECI HUELVA | B70: 12:00 - 14:00 y 15:00 - 21:00 | C70: 8 | D70: 16:00 – 21:00 | E70: 5 | F70: LIBRE | G70: 0 | H70: 12:00 - 14:00 y 15:00 - 21:00 | I70: 8 | J70: 12:00 - 14:00 y 15:00 - 21:00 | K70: 8 | L70: 12:00 - 14:00 y 15:00 - 21:00 | M70: 8 | N70: LIBRE | O70: 0 | P70: =C70+E70+G70+I70+K70+M70+O70 -> 37
... A73: ECI SAN JOSÉ DE VALDERAS | B73: LIBRE | C73: 0 | D73: LIBRE | E73: 0 | F73: 12:00 - 15:00 y 16:00 - 21:00 | G73: 8 | H73: 12:00 - 15:00 y 16:00 - 21:00 | I73: 8 | J73: 12:00 - 15:00 y 16:00 - 21:00 | K73: 8 | L73: 12:00 - 15:00 y 16:00 - 21:00 | M73: 8 | N73: 12:00 - 15:00 y 16:00 - 21:00 | O73: 8 | P73: =C73+E73+G73+I73+K73+M73+O73 -> 40
A75: W14
A76: CENTRO | B76: 46111 | D76: 46112 | F76: Miercoles 01/04/26 | H76: 46114 | J76: 46115 | L76: 46116 | N76: 46117 | P76: total
A77: ECI LEÓN | B77: 13:00 - 16:00 y 17:00 - 22:00 | C77: 8 | D77: LIBRE | E77: 0 | F77: 13:00 - 16:00 y 17:00 - 22:00 | G77: 8 | H77: 12:00 - 14:00 y 15:00 - 21:00 | I77: 8 | J77: FESTIVO (cierre) | K77: 8 | L77: 12:00 - 14:00 y 15:00 - 21:00 | M77: 8 | N77: LIBRE | O77: 0 | P77: =C77+E77+G77+K77+M77+O77+I77 -> 40
A78: ECI COSTA MIJAS | B78: LIBRE | C78: 0 | D78: 12:00 - 14:00 y 15:00 - 21:00 | E78: 8 | F78: LIBRE | G78: 0 | H78: FESTIVO | I78: 8 | J78: FESTIVO | K78: 8 | L78: 12:00 - 14:00 y 15:00 - 21:00 | M78: 8 | N78: 12:00 - 14:00 y 15:00 - 21:00 | O78: 8 | P78: =C78+E78+G78+K78+M78+O78+I78 -> 40
A79: ECI BAHÍA MÁLAGA | B79: LIBRE | C79: 0 | D79: 11:00 - 14:00 y 16:00 - 21:00 | E79: 8 | F79: LIBRE | G79: 0 | H79: FESTIVO | I79: 8 | J79: FESTIVO | K79: 8 | L79: 11:00 - 14:00 y 16:00 - 21:00 | M79: 8 | N79: 11:00 - 14:00 y 16:00 - 21:00 | O79: 8 | P79: =C79+E79+G79+K79+M79+O79+I79 -> 40
A80: ECI CORNELLÁ | B80: 12:00 - 14:00 y 15:00 - 21:00 | C80: 8 | D80: 12:00 - 14:00 y 15:00 - 21:00 | E80: 8 | F80: LIBRE | G80: 0 | H80: 12:00 - 14:00 y 15:00 - 21:00 | I80: 8 | J80: FESTIVO | K80: 8 | L80: 12:00 - 14:00 y 15:00 - 21:00 | M80: 8 | N80: LIBRE | O80: 0 | P80: =C80+E80+G80+K80+M80+O80+I80 -> 40
A81: ECI PLAZA DEL DUQUE | B81: LIBRE | C81: 0 | D81: 12:00 - 14:00 y 15:00 - 21:00 | E81: 8 | F81: LIBRE | G81: 0 | H81: FESTIVO | I81: 8 | J81: FESTIVO | K81: 8 | L81: 12:00 - 14:00 y 15:00 - 21:00 | M81: 8 | N81: 12:00 - 14:00 y 15:00 - 21:00 | O81: 8 | P81: =C81+E81+G81+K81+M81+O81+I81 -> 40
A82: ECI TALAVERA | B82: 12:00 - 14:00 y 15:00 - 21:00 | C82: 8 | D82: 12:00 - 14:00 y 15:00 - 21:00 | E82: 8 | F82: LIBRE | G82: 0 | H82: 12:00 - 14:00 y 15:00 - 21:00 | I82: 8 | J82: FESTIVO (cierre) | K82: 8 | L82: 12:00 - 14:00 y 15:00 - 21:00 | M82: 8 | N82: LIBRE | O82: 0 | P82: =C82+E82+G82+K82+M82+O82+I82 -> 40
A83: ECI ZARAGOZA ( SAGASTA) | B83: 12:00 - 14:00 y 15:00 - 21:00 | C83: 8 | D83: LIBRE | E83: 0 | F83: 12:00 - 14:00 y 15:00 - 21:00 | G83: 8 | H83: FESTIVO (cierre) | I83: 8 | J83: FESTIVO (cierre) | K83: 8 | L83: 12:00 - 14:00 y 15:00 - 21:00 | M83: 8 | N83: LIBRE | O83: 0 | P83: =C83+E83+G83+K83+M83+O83+I83 -> 40
A84: ECI ÁLCALA DE HENARES | B84: 12:00 - 14:00 y 15:00 - 21:00 | C84: 8 | D84: LIBRE | E84: 0 | F84: LIBRE | G84: 0 | H84: 12:00 - 14:00 y 15:00 - 21:00 | I84: 8 | J84: 12:00 - 14:00 y 15:00 - 21:00 | K84: 8 | L84: 12:00 - 14:00 y 15:00 - 21:00 | M84: 8 | N84: 12:00 - 14:00 y 15:00 - 21:00 | O84: 8 | P84: =C84+E84+G84+K84+M84+O84+I84 -> 40
A85: ECI RONDA CÓRDOBA | B85: LIBRE | C85: 0 | D85: 12:00 - 15:00 y 16:00 - 21:00 | E85: 8 | F85: 12:00 - 15:00 y 16:00 - 21:00 | G85: 8 | H85: 12:00 - 15:00 y 16:00 - 21:00 | I85: 8 | J85: FESTIVO (cierre) | K85: 8 | L85: 12:00 - 15:00 y 16:00 - 21:00 | M85: 8 | N85: LIBRE | O85: 0 | P85: =C85+E85+G85+K85+M85+O85+I85 -> 40
A86: ECI SALAMANCA | B86: LIBRE | C86: 0 | D86: 11:00 - 14:00 y 16:00 - 21:00 | E86: 8 | F86: 16:00 – 21:00 | G86: 5 | H86: FESTIVO | I86: 6 | J86: FESTIVO (cierre) | K86: 8 | L86: 12:00 - 14:00 y 15:00 - 21:00 | M86: 8 | N86: 12:00 - 14:00 y 15:00 - 21:00 | O86: 8 | P86: =C86+E86+G86+K86+M86+O86+I86 -> 43
A87: ECI GUADALAJARA | B87: LIBRE | C87: 0 | D87: 12:00 - 14:00 y 15:00 - 21:00 | E87: 8 | F87: 12:00 - 14:00 y 15:00 - 21:00 | G87: 8 | H87: FESTIVO | I87: 8 | J87: FESTIVO (cierre) | K87: 8 | L87: 12:00 - 14:00 y 15:00 - 21:00 | M87: 8 | N87: LIBRE | O87: 0 | P87: =C87+E87+G87+K87+M87+O87+I87 -> 40
A88: ECI HUELVA | B88: 12:00 - 14:00 y 15:00 - 21:00 | C88: 8 | D88: 12:00 - 14:00 y 15:00 - 21:00 | E88: 8 | F88: 16:00 – 21:00 | G88: 5 | H88: 15:00 – 21:00 | I88: 6 | J88: FESTIVO (cierre) | K88: 8 | L88: 12:00 - 14:00 y 15:00 - 21:00 | M88: 8 | N88: LIBRE | O88: 0 | P88: =C88+E88+G88+K88+M88+O88+I88 -> 43
... A91: ECI SAN JOSÉ DE VALDERAS | B91: 12:00 - 15:00 y 16:00 - 21:00 | C91: 8 | D91: LIBRE | E91: 0 | F91: LIBRE | G91: 0 | H91: 12:00 - 15:00 y 16:00 - 21:00 | I91: 8 | J91: 12:00 - 15:00 y 16:00 - 21:00 | K91: 8 | L91: 12:00 - 15:00 y 16:00 - 21:00 | M91: 8 | N91: 12:00 - 15:00 y 16:00 - 21:00 | O91: 8 | P91: =C91+E91+G91+K91+M91+O91+I91 -> 40

Sheet ABRIL 2026
A2: W14
A3: CENTRO | B3: 46111 | D3: 46112 | F3: Miercoles 01/04/26 | H3: 46114 | J3: 46115 | L3: 46116 | N3: 46117 | P3: total | Q3: COMENTARIOS
A4: ECI LEÓN | B4: 13:00 - 16:00 y 17:00 - 22:00 | C4: 8 | D4: 13:00 - 16:00 y 17:00 - 22:00 | E4: 8 | F4: 13:00 - 16:00 y 17:00 - 22:00 | G4: 8 | H4: 12:00 - 14:00 y 15:00 - 21:00 | I4: 8 | J4: FESTIVO (cierre) | K4: 8 | L4: 12:00 - 14:00 y 15:00 - 21:00 | M4: 8 | N4: LIBRE | O4: 0 | P4: =C4+E4+G4+I4+K4+M4+O4 -> 48
A5: ECI COSTA MIJAS | B5: LIBRE | C5: 0 | D5: 12:00 - 14:00 y 15:00 - 21:00 | E5: 8 | F5: LIBRE | G5: 0 | H5: FESTIVO | I5: 8 | J5: FESTIVO | K5: 8 | L5: 12:00 - 14:00 y 15:00 - 21:00 | M5: 8 | N5: 12:00 - 14:00 y 15:00 - 21:00 | O5: 8 | P5: =C5+E5+G5+I5+K5+M5+O5 -> 40
A6: ECI BAHÍA MÁLAGA | B6: LIBRE | C6: 0 | D6: 11:00 - 14:00 y 16:00 - 21:00 | E6: 8 | F6: LIBRE | G6: 0 | H6: FESTIVO | I6: 8 | J6: FESTIVO | K6: 8 | L6: 11:00 - 14:00 y 16:00 - 21:00 | M6: 8 | N6: 11:00 - 14:00 y 16:00 - 21:00 | O6: 8 | P6: =C6+E6+G6+I6+K6+M6+O6 -> 40
A7: ECI CORNELLÁ | B7: 12:00 - 14:00 y 15:00 - 21:00 | C7: 8 | D7: 12:00 - 14:00 y 15:00 - 21:00 | E7: 8 | F7: LIBRE | G7: 0 | H7: 12:00 - 14:00 y 15:00 - 21:00 | I7: 8 | J7: FESTIVO | K7: 8 | L7: 12:00 - 14:00 y 15:00 - 21:00 | M7: 8 | N7: LIBRE | O7: 0 | P7: =C7+E7+G7+I7+K7+M7+O7 -> 40
A8: ECI PLAZA DEL DUQUE | B8: LIBRE | C8: 0 | D8: 12:00 - 14:00 y 15:00 - 21:00 | E8: 8 | F8: LIBRE | G8: 0 | H8: FESTIVO | I8: 8 | J8: FESTIVO | K8: 8 | L8: 12:00 - 14:00 y 15:00 - 21:00 | M8: 8 | N8: 12:00 - 14:00 y 15:00 - 21:00 | O8: 8 | P8: =C8+E8+G8+I8+K8+M8+O8 -> 40
A9: ECI TALAVERA | B9: 12:00 - 14:00 y 15:00 - 21:00 | C9: 8 | D9: 12:00 - 14:00 y 15:00 - 21:00 | E9: 8 | F9: LIBRE | G9: 0 | H9: FESTIVO | I9: 8 | J9: FESTIVO (cierre) | K9: 8 | L9: 12:00 - 14:00 y 15:00 - 21:00 | M9: 8 | N9: LIBRE | O9: 0 | P9: =C9+E9+G9+I9+K9+M9+O9 -> 40
A10: ECI ZARAGOZA ( SAGASTA) | B10: 12:00 - 14:00 y 15:00 - 21:00 | C10: 8 | D10: LIBRE | E10: 0 | F10: 12:00 - 14:00 y 15:00 - 21:00 | G10: 8 | H10: FESTIVO (cierre) | I10: 8 | J10: FESTIVO (cierre) | K10: 8 | L10: 12:00 - 14:00 y 15:00 - 21:00 | M10: 8 | N10: LIBRE | O10: 0 | P10: =C10+E10+G10+I10+K10+M10+O10 -> 40
A11: ECI ÁLCALA DE HENARES | B11: 12:00 - 14:00 y 15:00 - 21:00 | C11: 8 | D11: LIBRE | E11: 0 | F11: LIBRE | G11: 0 | H11: 12:00 - 14:00 y 15:00 - 21:00 | I11: 8 | J11: 12:00 - 14:00 y 15:00 - 21:00 | K11: 8 | L11: 12:00 - 14:00 y 15:00 - 21:00 | M11: 8 | N11: 12:00 - 14:00 y 15:00 - 21:00 | O11: 8 | P11: =C11+E11+G11+I11+K11+M11+O11 -> 40 | Q11: No pasa el periodo de superación de prueba 01/04
A12: ECI RONDA CÓRDOBA | B12: LIBRE | C12: 0 | D12: 12:00 - 15:00 y 16:00 - 21:00 | E12: 8 | F12: 12:00 - 15:00 y 16:00 - 21:00 | G12: 8 | H12: FESTIVO | I12: 8 | J12: FESTIVO (cierre) | K12: 8 | L12: 12:00 - 15:00 y 16:00 - 21:00 | M12: 8 | N12: LIBRE | O12: 0 | P12: =C12+E12+G12+I12+K12+M12+O12 -> 40
A13: ECI SALAMANCA | B13: LIBRE | C13: 0 | D13: 11:00 - 14:00 y 16:00 - 21:00 | E13: 8 | F13: 16:00 – 21:00 | G13: 5 | H13: FESTIVO | I13: 6 | J13: FESTIVO (cierre) | K13: 8 | L13: 12:00 - 14:00 y 15:00 - 21:00 | M13: 8 | N13: 12:00 - 14:00 y 15:00 - 21:00 | O13: 8 | P13: =C13+E13+G13+I13+K13+M13+O13 -> 43 | Q13: Recuperación de horas
A14: ECI GUADALAJARA | B14: LIBRE | C14: 0 | D14: 12:00 - 14:00 y 15:00 - 21:00 | E14: 8 | F14: 12:00 - 14:00 y 15:00 - 21:00 | G14: 8 | H14: FESTIVO | I14: 8 | J14: FESTIVO (cierre) | K14: 8 | L14: 12:00 - 14:00 y 15:00 - 21:00 | M14: 8 | N14: LIBRE | O14: 0 | P14: =C14+E14+G14+I14+K14+M14+O14 -> 40
A15: ECI HUELVA | B15: 12:00 - 14:00 y 15:00 - 21:00 | C15: 8 | D15: 12:00 - 14:00 y 15:00 - 21:00 | E15: 8 | F15: 16:00 – 21:00 | G15: 5 | H15: FESTIVO | I15: 6 | J15: FESTIVO (cierre) | K15: 8 | L15: 12:00 - 14:00 y 15:00 - 21:00 | M15: 8 | N15: LIBRE | O15: 0 | P15: =C15+E15+G15+I15+K15+M15+O15 -> 43 | Q15: Recuperación de horas
A16: ECI A CORUÑA | B16: 12:00 - 14:00 y 15:00 - 21:00 | C16: 8 | D16: LIBRE | E16: 0 | F16: 12:00 - 14:00 y 15:00 - 21:00 | G16: 8 | H16: FESTIVO | I16: 8 | J16: FESTIVO (cierre) | K16: 8 | L16: 12:00 - 14:00 y 15:00 - 21:00 | M16: 8 | N16: LIBRE | O16: 0 | P16: =C16+E16+G16+I16+K16+M16+O16 -> 40
A17: ECI PAMPLONA | B17: 11:00 - 14:00 y 16:00 - 21:00 | C17: 8 | D17: 11:00 - 14:00 y 16:00 - 21:00 | E17: 8 | F17: 11:00 - 14:00 y 16:00 - 21:00 | G17: 8 | H17: FESTIVO | I17: 8 | J17: FESTIVO (cierre) | K17: 8 | L17: 11:00 - 14:00 y 16:00 - 21:00 | M17: 8 | N17: LIBRE | O17: 0 | P17: =C17+E17+G17+I17+K17+M17+O17 -> 48
A18: ECI SAN JOSÉ DE VALDERAS | B18: 12:00 - 15:00 y 16:00 - 21:00 | C18: 8 | D18: LIBRE | E18: 0 | F18: LIBRE | G18: 0 | H18: 12:00 - 15:00 y 16:00 - 21:00 | I18: 8 | J18: 12:00 - 15:00 y 16:00 - 21:00 | K18: 8 | L18: 12:00 - 15:00 y 16:00 - 21:00 | M18: 8 | N18: 12:00 - 15:00 y 16:00 - 21:00 | O18: 8 | P18: =C18+E18+G18+I18+K18+M18+O18 -> 40
A20: W15
A21: CENTRO | B21: 46118 | D21: 46119 | F21: Miercoles 08/04/26 | H21: 46121 | J21: 46122 | L21: 46123 | N21: 46124 | P21: total | Q21: COMENTARIOS
A22: ECI LEÓN | B22: 13:00 - 16:00 y 17:00 - 22:00 | C22: 8 | D22: 12:00 - 14:00 y 15:00 - 21:00 | E22: 8 | F22: LIBRE | G22: 0 | H22: LIBRE | I22: 0 | J22: 12:00 - 14:00 y 15:00 - 21:00 | K22: 8 | L22: 12:00 - 14:00 y 15:00 - 21:00 | M22: 8 | N22: LIBRE | O22: 0 | P22: =C22+E22+G22+I22+K22+M22+O22 -> 32
A23: ECI COSTA MIJAS | B23: LIBRE | C23: 0 | D23: 12:00 - 14:00 y 15:00 - 21:00 | E23: 8 | F23: 12:00 - 14:00 y 15:00 - 21:00 | G23: 8 | H23: 12:00 - 14:00 y 15:00 - 21:00 | I23: 8 | J23: 12:00 - 14:00 y 15:00 - 21:00 | K23: 8 | L23: 12:00 - 14:00 y 15:00 - 21:00 | M23: 8 | N23: LIBRE | O23: 0 | P23: =C23+E23+G23+I23+K23+M23+O23 -> 40
A24: ECI BAHÍA MÁLAGA | B24: 11:00 - 14:00 y 16:00 - 21:00 | C24: 8 | D24: 11:00 - 14:00 y 16:00 - 21:00 | E24: 8 | F24: LIBRE | G24: 0 | H24: 11:00 - 14:00 y 16:00 - 21:00 | I24: 8 | J24: 11:00 - 14:00 y 16:00 - 21:00 | K24: 8 | L24: 11:00 - 14:00 y 16:00 - 21:00 | M24: 8 | N24: LIBRE | O24: 0 | P24: =C24+E24+G24+I24+K24+M24+O24 -> 40
A25: ECI CORNELLÁ | B25: FESTIVO | C25: 8 | D25: 12:00 - 14:00 y 15:00 - 21:00 | E25: 8 | F25: LIBRE | G25: 0 | H25: 12:00 - 14:00 y 15:00 - 21:00 | I25: 8 | J25: 12:00 - 14:00 y 15:00 - 21:00 | K25: 8 | L25: 12:00 - 14:00 y 15:00 - 21:00 | M25: 8 | N25: LIBRE | O25: 0 | P25: =C25+E25+G25+I25+K25+M25+O25 -> 40
A26: ECI PLAZA DEL DUQUE | B26: LIBRE | C26: 0 | D26: 12:00 - 14:00 y 15:00 - 21:00 | E26: 8 | F26: 12:00 - 14:00 y 15:00 - 21:00 | G26: 8 | H26: 12:00 - 14:00 y 15:00 - 21:00 | I26: 8 | J26: 12:00 - 14:00 y 15:00 - 21:00 | K26: 8 | L26: 12:00 - 14:00 y 15:00 - 21:00 | M26: 8 | N26: LIBRE | O26: 0 | P26: =C26+E26+G26+I26+K26+M26+O26 -> 40
A27: ECI TALAVERA | B27: FESTIVO | C27: 8 | D27: 12:00 - 14:00 y 15:00 - 21:00 | E27: 8 | F27: LIBRE | G27: 0 | H27: 12:00 - 14:00 y 15:00 - 21:00 | I27: 8 | J27: 12:00 - 14:00 y 15:00 - 21:00 | K27: 8 | L27: 12:00 - 14:00 y 15:00 - 21:00 | M27: 8 | N27: LIBRE | O27: 0 | P27: =C27+E27+G27+I27+K27+M27+O27 -> 40
A28: ECI ZARAGOZA ( SAGASTA) | B28: 12:00 - 14:00 y 15:00 - 21:00 | C28: 8 | D28: LIBRE | E28: 0 | F28: 12:00 - 14:00 y 15:00 - 21:00 | G28: 8 | H28: 12:00 - 14:00 y 15:00 - 21:00 | I28: 8 | J28: 12:00 - 14:00 y 15:00 - 21:00 | K28: 8 | L28: 12:00 - 14:00 y 15:00 - 21:00 | M28: 8 | N28: LIBRE | O28: 0 | P28: =C28+E28+G28+I28+K28+M28+O28 -> 40
A29: ECI ÁLCALA DE HENARES | B29: 12:00 - 14:00 y 15:00 - 21:00 | C29: 0 | D29: LIBRE | E29: 0 | F29: LIBRE | G29: 0 | H29: 12:00 - 14:00 y 15:00 - 21:00 | I29: 0 | J29: 12:00 - 14:00 y 15:00 - 21:00 | K29: 0 | L29: 12:00 - 14:00 y 15:00 - 21:00 | M29: 0 | N29: 12:00 - 14:00 y 15:00 - 21:00 | O29: 0 | P29: =C29+E29+G29+I29+K29+M29+O29 -> 0 | Q29: NO SA
A30: ECI RONDA CÓRDOBA | B30: LIBRE | C30: 0 | D30: 12:00 - 15:00 y 16:00 - 21:00 | E30: 8 | F30: 12:00 - 15:00 y 16:00 - 21:00 | G30: 8 | H30: 12:00 - 15:00 y 16:00 - 21:00 | I30: 8 | J30: 12:00 - 15:00 y 16:00 - 21:00 | K30: 8 | L30: 12:00 - 15:00 y 16:00 - 21:00 | M30: 8 | N30: LIBRE | O30: 0 | P30: =C30+E30+G30+I30+K30+M30+O30 -> 40
A31: ECI SALAMANCA | B31: 12:00 - 14:00 y 15:00 - 21:00 | C31: 8 | D31: 16:00 – 21:00 | E31: 5 | F31: 16:00 – 21:00 | G31: 5 | H31: 15:00 – 21:00 | I31: 6 | J31: 12:00 - 14:00 y 15:00 - 21:00 | K31: 8 | L31: 12:00 - 14:00 y 15:00 - 21:00 | M31: 8 | N31: LIBRE | O31: 0 | P31: =C31+E31+G31+I31+K31+M31+O31 -> 40
A32: ECI GUADALAJARA | B32: FESTIVO | C32: 0 | D32: 12:00 - 14:00 y 15:00 - 21:00 | E32: 8 | F32: 12:00 - 14:00 y 15:00 - 21:00 | G32: 8 | H32: 12:00 - 14:00 y 15:00 - 21:00 | I32: 8 | J32: 12:00 - 14:00 y 15:00 - 21:00 | K32: 8 | L32: 12:00 - 14:00 y 15:00 - 21:00 | M32: 8 | N32: LIBRE | O32: 0 | P32: =C32+E32+G32+I32+K32+M32+O32 -> 40
A33: ECI HUELVA | B33: 11:00 - 14:00 y 16:00 - 21:00 | C33: 8 | D33: LIBRE | E33: 0 | F33: 11:00 - 14:00 y 16:00 - 21:00 | G33: 8 | H33: 11:00 - 14:00 y 16:00 - 21:00 | I33: 8 | J33: 11:00 - 14:00 y 16:00 - 21:00 | K33: 8 | L33: 11:00 - 14:00 y 16:00 - 21:00 | M33: 8 | N33: LIBRE | O33: 0 | P33: =C33+E33+G33+I33+K33+M33+O33 -> 40
A34: ECI A CORUÑA | B34: 12:00 - 14:00 y 15:00 - 21:00 | C34: 8 | D34: LIBRE | E34: 0 | F34: 12:00 - 14:00 y 15:00 - 21:00 | G34: 8 | H34: 12:00 - 14:00 y 15:00 - 21:00 | I34: 8 | J34: 12:00 - 14:00 y 15:00 - 21:00 | K34: 8 | L34: 12:00 - 14:00 y 15:00 - 21:00 | M34: 8 | N34: LIBRE | O34: 0 | P34: =C34+E34+G34+I34+K34+M34+O34 -> 40
A35: ECI PAMPLONA | B35: FESTIVO (cierre) | C35: 8 | D35: LIBRE | E35: 0 | F35: LIBRE | G35: 0 | H35: 11:00 - 14:00 y 16:00 - 21:00 | I35: 8 | J35: 11:00 - 14:00 y 16:00 - 21:00 | K35: 8 | L35: 11:00 - 14:00 y 16:00 - 21:00 | M35: 8 | N35: LIBRE | O35: 0 | P35: =C35+E35+G35+I35+K35+M35+O35 -> 32
A36: ECI SAN JOSÉ DE VALDERAS | B36: LIBRE | C36: 0 | D36: 12:00 - 15:00 y 16:00 - 21:00 | E36: 8 | F36: LIBRE | G36: 0 | H36: 12:00 - 15:00 y 16:00 - 21:00 | I36: 8 | J36: 12:00 - 15:00 y 16:00 - 21:00 | K36: 8 | L36: 12:00 - 15:00 y 16:00 - 21:00 | M36: 8 | N36: 12:00 - 15:00 y 16:00 - 21:00 | O36: 8 | P36: =C36+E36+G36+I36+K36+M36+O36 -> 40
A38: W16
A39: CENTRO | B39: 46125 | D39: 46126 | F39: Miercoles 15/04/26 | H39: 46128 | J39: 46129 | L39: 46130 | N39: 46131 | P39: total | Q39: COMENTARIOS
A40: ECI LEÓN | B40: 13:00 - 16:00 y 17:00 - 22:00 | C40: 8 | D40: 12:00 - 14:00 y 15:00 - 21:00 | E40: 8 | F40: LIBRE | G40: 0 | H40: 12:00 - 14:00 y 15:00 - 21:00 | I40: 8 | J40: 12:00 - 14:00 y 15:00 - 21:00 | K40: 8 | L40: 12:00 - 14:00 y 15:00 - 21:00 | M40: 8 | N40: LIBRE | O40: 0 | P40: =C40+E40+G40+I40+K40+M40+O40 -> 40
A41: ECI COSTA MIJAS | B41: LIBRE | C41: 0 | D41: 12:00 - 14:00 y 15:00 - 21:00 | E41: 8 | F41: 12:00 - 14:00 y 15:00 - 21:00 | G41: 8 | H41: 12:00 - 14:00 y 15:00 - 21:00 | I41: 8 | J41: 12:00 - 14:00 y 15:00 - 21:00 | K41: 8 | L41: 12:00 - 14:00 y 15:00 - 21:00 | M41: 8 | N41: LIBRE | O41: 0 | P41: =C41+E41+G41+I41+K41+M41+O41 -> 40
A42: ECI BAHÍA MÁLAGA | B42: 11:00 - 14:00 y 16:00 - 21:00 | C42: 8 | D42: 11:00 - 14:00 y 16:00 - 21:00 | E42: 8 | F42: LIBRE | G42: 0 | H42: 11:00 - 14:00 y 16:00 - 21:00 | I42: 8 | J42: 11:00 - 14:00 y 16:00 - 21:00 | K42: 8 | L42: 11:00 - 14:00 y 16:00 - 21:00 | M42: 8 | N42: LIBRE | O42: 0 | P42: =C42+E42+G42+I42+K42+M42+O42 -> 40
A43: ECI CORNELLÁ | B43: 12:00 - 14:00 y 15:00 - 21:00 | C43: 8 | D43: 16:00 – 21:00 | E43: 5 | F43: 16:00 – 21:00 | G43: 5 | H43: 15:00 – 21:00 | I43: 6 | J43: 12:00 - 14:00 y 15:00 - 21:00 | K43: 8 | L43: 12:00 - 14:00 y 15:00 - 21:00 | M43: 8 | N43: LIBRE | O43: 0 | P43: =C43+E43+G43+I43+K43+M43+O43 -> 40
A44: ECI PLAZA DEL DUQUE | B44: LIBRE | C44: 0 | D44: 12:00 - 14:00 y 15:00 - 21:00 | E44: 8 | F44: LIBRE | G44: 0 | H44: 12:00 - 14:00 y 15:00 - 21:00 | I44: 8 | J44: 12:00 - 14:00 y 15:00 - 21:00 | K44: 8 | L44: 12:00 - 14:00 y 15:00 - 21:00 | M44: 8 | N44: 12:00 - 14:00 y 15:00 - 21:00 | O44: 8 | P44: =C44+E44+G44+I44+K44+M44+O44 -> 40
A45: ECI TALAVERA | B45: 12:00 - 14:00 y 15:00 - 21:00 | C45: 8 | D45: 12:00 - 14:00 y 15:00 - 21:00 | E45: 8 | F45: LIBRE | G45: 0 | H45: 12:00 - 14:00 y 15:00 - 21:00 | I45: 8 | J45: 12:00 - 14:00 y 15:00 - 21:00 | K45: 8 | L45: 12:00 - 14:00 y 15:00 - 21:00 | M45: 8 | N45: LIBRE | O45: 0 | P45: =C45+E45+G45+I45+K45+M45+O45 -> 40
A46: ECI ZARAGOZA ( SAGASTA) | B46: 12:00 - 14:00 y 15:00 - 21:00 | C46: 8 | D46: LIBRE | E46: 0 | F46: 12:00 - 14:00 y 15:00 - 21:00 | G46: 8 | H46: 12:00 - 14:00 y 15:00 - 21:00 | I46: 8 | J46: 12:00 - 14:00 y 15:00 - 21:00 | K46: 8 | L46: 12:00 - 14:00 y 15:00 - 21:00 | M46: 8 | N46: LIBRE | O46: 0 | P46: =C46+E46+G46+I46+K46+M46+O46 -> 40
A47: ECI ÁLCALA DE HENARES | B47: 12:00 - 14:00 y 15:00 - 21:00 | D47: LIBRE | E47: 0 | F47: LIBRE | G47: 0 | H47: 12:00 - 14:00 y 15:00 - 21:00 | J47: 12:00 - 14:00 y 15:00 - 21:00 | L47: 12:00 - 14:00 y 15:00 - 21:00 | N47: 12:00 - 14:00 y 15:00 - 21:00 | P47: =C47+E47+G47+I47+K47+M47+O47 -> 0
A48: ECI RONDA CÓRDOBA | B48: LIBRE | C48: 0 | D48: 12:00 - 15:00 y 16:00 - 21:00 | E48: 8 | F48: 12:00 - 15:00 y 16:00 - 21:00 | G48: 8 | H48: 12:00 - 15:00 y 16:00 - 21:00 | I48: 8 | J48: 12:00 - 15:00 y 16:00 - 21:00 | K48: 8 | L48: 12:00 - 15:00 y 16:00 - 21:00 | M48: 8 | N48: LIBRE | O48: 0 | P48: =C48+E48+G48+I48+K48+M48+O48 -> 40
A49: ECI SALAMANCA | B49: 12:00 - 14:00 y 15:00 - 21:00 | C49: 8 | D49: 16:00 – 21:00 | E49: 5 | F49: 16:00 – 21:00 | G49: 5 | H49: 15:00 – 21:00 | I49: 6 | J49: 12:00 - 14:00 y 15:00 - 21:00 | K49: 8 | L49: 12:00 - 14:00 y 15:00 - 21:00 | M49: 8 | N49: LIBRE | O49: 0 | P49: =C49+E49+G49+I49+K49+M49+O49 -> 40
A50: ECI GUADALAJARA | B50: LIBRE | C50: 0 | D50: 12:00 - 14:00 y 15:00 - 21:00 | E50: 8 | F50: 12:00 - 14:00 y 15:00 - 21:00 | G50: 8 | H50: 12:00 - 14:00 y 15:00 - 21:00 | I50: 8 | J50: 12:00 - 14:00 y 15:00 - 21:00 | K50: 8 | L50: 12:00 - 14:00 y 15:00 - 21:00 | M50: 8 | N50: LIBRE | O50: 0 | P50: =C50+E50+G50+I50+K50+M50+O50 -> 40
A51: ECI HUELVA | B51: 11:00 - 14:00 y 16:00 - 21:00 | C51: 8 | D51: LIBRE | E51: 0 | F51: 11:00 - 14:00 y 16:00 - 21:00 | G51: 8 | H51: 11:00 - 14:00 y 16:00 - 21:00 | I51: 8 | J51: 11:00 - 14:00 y 16:00 - 21:00 | K51: 8 | L51: 11:00 - 14:00 y 16:00 - 21:00 | M51: 8 | N51: LIBRE | O51: 0 | P51: =C51+E51+G51+I51+K51+M51+O51 -> 40
A52: ECI A CORUÑA | B52: 12:00 - 14:00 y 15:00 - 21:00 | C52: 8 | D52: LIBRE | E52: 0 | F52: 12:00 - 14:00 y 15:00 - 21:00 | G52: 8 | H52: 12:00 - 14:00 y 15:00 - 21:00 | I52: 8 | J52: 12:00 - 14:00 y 15:00 - 21:00 | K52: 8 | L52: 12:00 - 14:00 y 15:00 - 21:00 | M52: 8 | N52: LIBRE | O52: 0 | P52: =C52+E52+G52+I52+K52+M52+O52 -> 40
A53: ECI PAMPLONA | B53: 11:00 - 14:00 y 16:00 - 21:00 | C53: 8 | D53: LIBRE | E53: 0 | F53: 11:00 - 14:00 y 16:00 - 21:00 | G53: 8 | H53: 11:00 - 14:00 y 16:00 - 21:00 | I53: 8 | J53: 11:00 - 14:00 y 16:00 - 21:00 | K53: 8 | L53: 11:00 - 14:00 y 16:00 - 21:00 | M53: 8 | N53: LIBRE | O53: 0 | P53: =C53+E53+G53+I53+K53+M53+O53 -> 40
A54: ECI SAN JOSÉ DE VALDERAS | B54: LIBRE | C54: 0 | D54: LIBRE | E54: 0 | F54: 12:00 - 15:00 y 16:00 - 21:00 | G54: 8 | H54: 12:00 - 15:00 y 16:00 - 21:00 | I54: 8 | J54: 12:00 - 15:00 y 16:00 - 21:00 | K54: 8 | L54: 12:00 - 15:00 y 16:00 - 21:00 | M54: 8 | N54: 12:00 - 15:00 y 16:00 - 21:00 | O54: 8 | P54: =C54+E54+G54+I54+K54+M54+O54 -> 40
A56: W17
A57: CENTRO | B57: 46132 | D57: 46133 | F57: Miercoles 22/04/26 | H57: 46135 | J57: 46136 | L57: 46137 | N57: 46138 | P57: total | Q57: COMENTARIOS
A58: ECI LEÓN | B58: 13:00 - 16:00 y 17:00 - 22:00 | C58: 8 | D58: 12:00 - 14:00 y 15:00 - 21:00 | E58: 8 | F58: LIBRE | G58: 0 | H58: FESTIVO (cierre) | I58: 8 | J58: 12:00 - 14:00 y 15:00 - 21:00 | K58: 8 | L58: 12:00 - 14:00 y 15:00 - 21:00 | M58: 8 | N58: LIBRE | O58: 0 | P58: =C58+E58+G58+I58+K58+M58+O58 -> 40
A59: ECI COSTA MIJAS | B59: LIBRE | C59: 0 | D59: 12:00 - 14:00 y 15:00 - 21:00 | E59: 8 | F59: 12:00 - 14:00 y 15:00 - 21:00 | G59: 8 | H59: 12:00 - 14:00 y 15:00 - 21:00 | I59: 8 | J59: 12:00 - 14:00 y 15:00 - 21:00 | K59: 8 | L59: 12:00 - 14:00 y 15:00 - 21:00 | M59: 8 | N59: LIBRE | O59: 0 | P59: =C59+E59+G59+I59+K59+M59+O59 -> 40
A60: ECI BAHÍA MÁLAGA | B60: 11:00 - 14:00 y 16:00 - 21:00 | C60: 8 | D60: 11:00 - 14:00 y 16:00 - 21:00 | E60: 8 | F60: LIBRE | G60: 0 | H60: 11:00 - 14:00 y 16:00 - 21:00 | I60: 8 | J60: 11:00 - 14:00 y 16:00 - 21:00 | K60: 8 | L60: 11:00 - 14:00 y 16:00 - 21:00 | M60: 8 | N60: LIBRE | O60: 0 | P60: =C60+E60+G60+I60+K60+M60+O60 -> 40
A61: ECI CORNELLÁ | B61: 12:00 - 14:00 y 15:00 - 21:00 | C61: 8 | D61: 16:00 – 21:00 | E61: 5 | F61: 16:00 – 21:00 | G61: 5 | H61: 15:00 – 21:00 | I61: 6 | J61: 12:00 - 14:00 y 15:00 - 21:00 | K61: 8 | L61: 12:00 - 14:00 y 15:00 - 21:00 | M61: 8 | N61: LIBRE | O61: 0 | P61: =C61+E61+G61+I61+K61+M61+O61 -> 40
A62: ECI PLAZA DEL DUQUE | B62: LIBRE | C62: 0 | D62: 12:00 - 14:00 y 15:00 - 21:00 | E62: 8 | F62: FESTIVO | G62: 8 | H62: 12:00 - 14:00 y 15:00 - 21:00 | I62: 8 | J62: 12:00 - 14:00 y 15:00 - 21:00 | K62: 8 | L62: 12:00 - 14:00 y 15:00 - 21:00 | M62: 8 | N62: LIBRE | O62: 0 | P62: =C62+E62+G62+I62+K62+M62+O62 -> 40
A63: ECI TALAVERA | B63: 12:00 - 14:00 y 15:00 - 21:00 | C63: 8 | D63: 12:00 - 14:00 y 15:00 - 21:00 | E63: 8 | F63: LIBRE | G63: 0 | H63: 12:00 - 14:00 y 15:00 - 21:00 | I63: 8 | J63: 12:00 - 14:00 y 15:00 - 21:00 | K63: 8 | L63: 12:00 - 14:00 y 15:00 - 21:00 | M63: 8 | N63: LIBRE | O63: 0 | P63: =C63+E63+G63+I63+K63+M63+O63 -> 40
A64: ECI ZARAGOZA ( SAGASTA) | B64: 12:00 - 14:00 y 15:00 - 21:00 | C64: 8 | D64: LIBRE | E64: 0 | F64: 12:00 - 14:00 y 15:00 - 21:00 | G64: 8 | H64: FESTIVO (cierre) | I64: 8 | J64: 12:00 - 14:00 y 15:00 - 21:00 | K64: 8 | L64: 12:00 - 14:00 y 15:00 - 21:00 | M64: 8 | N64: LIBRE | O64: 0 | P64: =C64+E64+G64+I64+K64+M64+O64 -> 40
A65: ECI ÁLCALA DE HENARES | B65: 12:00 - 14:00 y 15:00 - 21:00 | C65: 8 | D65: LIBRE | E65: 0 | F65: LIBRE | G65: 0 | H65: 12:00 - 14:00 y 15:00 - 21:00 | I65: 8 | J65: 12:00 - 14:00 y 15:00 - 21:00 | K65: 8 | L65: 12:00 - 14:00 y 15:00 - 21:00 | M65: 8 | N65: 12:00 - 14:00 y 15:00 - 21:00 | O65: 8 | P65: =C65+E65+G65+I65+K65+M65+O65 -> 40
A66: ECI RONDA CÓRDOBA | B66: LIBRE | C66: 0 | D66: 12:00 - 15:00 y 16:00 - 21:00 | E66: 8 | F66: 12:00 - 15:00 y 16:00 - 21:00 | G66: 8 | H66: 12:00 - 15:00 y 16:00 - 21:00 | I66: 8 | J66: 12:00 - 15:00 y 16:00 - 21:00 | K66: 8 | L66: 12:00 - 15:00 y 16:00 - 21:00 | M66: 8 | N66: LIBRE | O66: 0 | P66: =C66+E66+G66+I66+K66+M66+O66 -> 40
A67: ECI SALAMANCA | B67: 12:00 - 14:00 y 15:00 - 21:00 | C67: 8 | D67: 16:00 – 21:00 | E67: 5 | F67: 16:00 – 21:00 | G67: 5 | H67: FESTIVO (cierre) | I67: 6 | J67: 12:00 - 14:00 y 15:00 - 21:00 | K67: 8 | L67: 12:00 - 14:00 y 15:00 - 21:00 | M67: 8 | N67: LIBRE | O67: 0 | P67: =C67+E67+G67+I67+K67+M67+O67 -> 40
A68: ECI GUADALAJARA | B68: LIBRE | C68: 0 | D68: 12:00 - 14:00 y 15:00 - 21:00 | E68: 8 | F68: 12:00 - 14:00 y 15:00 - 21:00 | G68: 8 | H68: 12:00 - 14:00 y 15:00 - 21:00 | I68: 8 | J68: 12:00 - 14:00 y 15:00 - 21:00 | K68: 8 | L68: 12:00 - 14:00 y 15:00 - 21:00 | M68: 8 | N68: LIBRE | O68: 0 | P68: =C68+E68+G68+I68+K68+M68+O68 -> 40
A69: ECI HUELVA | B69: 11:00 - 14:00 y 16:00 - 21:00 | C69: 8 | D69: LIBRE | E69: 0 | F69: 11:00 - 14:00 y 16:00 - 21:00 | G69: 8 | H69: 11:00 - 14:00 y 16:00 - 21:00 | I69: 8 | J69: 11:00 - 14:00 y 16:00 - 21:00 | K69: 8 | L69: 11:00 - 14:00 y 16:00 - 21:00 | M69: 8 | N69: LIBRE | O69: 0 | P69: =C69+E69+G69+I69+K69+M69+O69 -> 40
... A72: ECI SAN JOSÉ DE VALDERAS | B72: LIBRE | C72: 0 | D72: LIBRE | E72: 0 | F72: 12:00 - 15:00 y 16:00 - 21:00 | G72: 8 | H72: 12:00 - 15:00 y 16:00 - 21:00 | I72: 8 | J72: 12:00 - 15:00 y 16:00 - 21:00 | K72: 8 | L72: 12:00 - 15:00 y 16:00 - 21:00 | M72: 8 | N72: 12:00 - 15:00 y 16:00 - 21:00 | O72: 8 | P72: =C72+E72+G72+I72+K72+M72+O72 -> 40
A74: W18
A75: CENTRO | B75: 46139 | D75: 46140 | F75: Miercoles 29/04/26 | H75: 46142 | J75: 46143 | L75: 46144 | N75: 46145 | P75: total | Q75: COMENTARIOS
A76: ECI LEÓN | B76: 13:00 - 16:00 y 17:00 - 22:00 | C76: 8 | D76: 12:00 - 14:00 y 15:00 - 21:00 | E76: 8 | F76: LIBRE | G76: 0 | H76: 12:00 - 14:00 y 15:00 - 21:00 | I76: 8 | J76: FESTIVO (cierre) | K76: 8 | L76: 12:00 - 14:00 y 15:00 - 21:00 | M76: 8 | N76: LIBRE | O76: 0 | P76: =C76+E76+G76+I76+K76+M76+O76 -> 40
A77: ECI COSTA MIJAS | B77: LIBRE | C77: 0 | D77: 12:00 - 14:00 y 15:00 - 21:00 | E77: 8 | F77: 12:00 - 14:00 y 15:00 - 21:00 | G77: 8 | H77: LIBRE | I77: 0 | J77: FESTIVO (cierre) | K77: 8 | L77: 12:00 - 14:00 y 15:00 - 21:00 | M77: 8 | N77: 12:00 - 14:00 y 15:00 - 21:00 | O77: 8 | P77: =C77+E77+G77+I77+K77+M77+O77 -> 40
A78: ECI BAHÍA MÁLAGA | B78: 11:00 - 14:00 y 16:00 - 21:00 | C78: 8 | D78: 11:00 - 14:00 y 16:00 - 21:00 | E78: 8 | F78: LIBRE | G78: 0 | H78: LIBRE | I78: 0 | J78: FESTIVO (cierre) | K78: 8 | L78: 11:00 - 14:00 y 16:00 - 21:00 | M78: 8 | N78: 11:00 - 14:00 y 16:00 - 21:00 | O78: 8 | P78: =C78+E78+G78+I78+K78+M78+O78 -> 40
A79: ECI CORNELLÁ | B79: 12:00 - 14:00 y 15:00 - 21:00 | C79: 8 | D79: 16:00 – 21:00 | E79: 5 | F79: 16:00 – 21:00 | G79: 5 | H79: 15:00 – 21:00 | I79: 6 | J79: FESTIVO (cierre) | K79: 8 | L79: 12:00 - 14:00 y 15:00 - 21:00 | M79: 8 | N79: LIBRE | O79: 0 | P79: =C79+E79+G79+I79+K79+M79+O79 -> 40
A80: ECI PLAZA DEL DUQUE | B80: LIBRE | C80: 0 | D80: 12:00 - 14:00 y 15:00 - 21:00 | E80: 8 | F80: LIBRE | G80: 0 | H80: 12:00 - 14:00 y 15:00 - 21:00 | I80: 8 | J80: FESTIVO (cierre) | K80: 8 | L80: 12:00 - 14:00 y 15:00 - 21:00 | M80: 8 | N80: 12:00 - 14:00 y 15:00 - 21:00 | O80: 8 | P80: =C80+E80+G80+I80+K80+M80+O80 -> 40
A81: ECI TALAVERA | B81: 12:00 - 14:00 y 15:00 - 21:00 | C81: 8 | D81: 12:00 - 14:00 y 15:00 - 21:00 | E81: 8 | F81: LIBRE | G81: 0 | H81: 12:00 - 14:00 y 15:00 - 21:00 | I81: 8 | J81: FESTIVO (cierre) | K81: 8 | L81: 12:00 - 14:00 y 15:00 - 21:00 | M81: 8 | N81: LIBRE | O81: 0 | P81: =C81+E81+G81+I81+K81+M81+O81 -> 40
A82: ECI ZARAGOZA ( SAGASTA) | B82: 12:00 - 14:00 y 15:00 - 21:00 | C82: 8 | D82: LIBRE | E82: 0 | F82: 12:00 - 14:00 y 15:00 - 21:00 | G82: 8 | H82: 12:00 - 14:00 y 15:00 - 21:00 | I82: 8 | J82: FESTIVO (cierre) | K82: 8 | L82: 12:00 - 14:00 y 15:00 - 21:00 | M82: 8 | N82: LIBRE | O82: 0 | P82: =C82+E82+G82+I82+K82+M82+O82 -> 40
A83: ECI ÁLCALA DE HENARES | B83: 12:00 - 14:00 y 15:00 - 21:00 | C83: 8 | D83: LIBRE | E83: 0 | F83: LIBRE | G83: 0 | H83: 12:00 - 14:00 y 15:00 - 21:00 | I83: 8 | J83: FESTIVO (cierre) | K83: 8 | L83: 12:00 - 14:00 y 15:00 - 21:00 | M83: 8 | N83: 12:00 - 14:00 y 15:00 - 21:00 | O83: 8 | P83: =C83+E83+G83+I83+K83+M83+O83 -> 40
A84: ECI RONDA CÓRDOBA | B84: LIBRE | C84: 0 | D84: LIBRE | E84: 0 | F84: 12:00 - 15:00 y 16:00 - 21:00 | G84: 8 | H84: 12:00 - 15:00 y 16:00 - 21:00 | I84: 8 | J84: FESTIVO (cierre) | K84: 8 | L84: 12:00 - 15:00 y 16:00 - 21:00 | M84: 8 | N84: 12:00 - 15:00 y 16:00 - 21:00 | O84: 8 | P84: =C84+E84+G84+I84+K84+M84+O84 -> 40
A85: ECI SALAMANCA | B85: LIBRE | C85: 0 | D85: 16:00 – 21:00 | E85: 5 | F85: 16:00 – 21:00 | G85: 5 | H85: 15:00 – 21:00 | I85: 6 | J85: FESTIVO (cierre) | K85: 8 | L85: 12:00 - 14:00 y 15:00 - 21:00 | M85: 8 | N85: 12:00 - 14:00 y 15:00 - 21:00 | O85: 8 | P85: =C85+E85+G85+I85+K85+M85+O85 -> 40
A86: ECI GUADALAJARA | B86: LIBRE | C86: 0 | D86: 12:00 - 14:00 y 15:00 - 21:00 | E86: 8 | F86: 12:00 - 14:00 y 15:00 - 21:00 | G86: 8 | H86: 12:00 - 14:00 y 15:00 - 21:00 | I86: 8 | J86: FESTIVO (cierre) | K86: 8 | L86: 12:00 - 14:00 y 15:00 - 21:00 | M86: 8 | N86: LIBRE | O86: 0 | P86: =C86+E86+G86+I86+K86+M86+O86 -> 40
A87: ECI HUELVA | B87: 11:00 - 14:00 y 16:00 - 21:00 | C87: 8 | D87: LIBRE | E87: 0 | F87: LIBRE | G87: 0 | H87: 11:00 - 14:00 y 16:00 - 21:00 | I87: 8 | J87: FESTIVO (cierre) | K87: 8 | L87: 12:00 - 14:00 y 15:00 - 21:00 | M87: 8 | N87: 12:00 - 14:00 y 15:00 - 21:00 | O87: 8 | P87: =C87+E87+G87+I87+K87+M87+O87 -> 40
... A90: ECI SAN JOSÉ DE VALDERAS | B90: LIBRE | C90: 0 | D90: LIBRE | E90: 0 | F90: 12:00 - 15:00 y 16:00 - 21:00 | G90: 8 | H90: 12:00 - 15:00 y 16:00 - 21:00 | I90: 8 | J90: FESTIVO (cierre) | K90: 8 | L90: 12:00 - 15:00 y 16:00 - 21:00 | M90: 8 | N90: 12:00 - 15:00 y 16:00 - 21:00 | O90: 8 | P90: =C90+E90+G90+I90+K90+M90+O90 -> 40

Sheet CALENDARIO
A1: 45992
A2: Sem. | B2: Lunes | D2: Martes | F2: Miércoles | H2: Jueves | J2: Viernes | L2: Sábado | N2: Domingo
A3: 49 | B3: 1 | D3: 2 | F3: 3 | H3: 4 | J3: 5 | L3: 6 | M3: Día de la Constitución | N3: 7
B4: 13 | D4: 6 | F4: 3 | H4: 9 | J4: 13 | L4: 7 | N4: 1
A5: 50 | B5: 8 | C5: Inmaculada Concepción | D5: 9 | F5: 10 | H5: 11 | J5: 12 | L5: 13 | N5: 14
B6: 3 | D6: 7 | F6: 7 | H6: 8 | J6: 13 | L6: 13 | N6: 8
A7: 51 | B7: 15 | D7: 16 | F7: 17 | H7: 18 | J7: 19 | L7: 20 | N7: 21
B8: 7 | D8: 8 | F8: 6 | H8: 8 | J8: 14 | L8: 14 | N8: 10
A9: 52 | B9: 22 | D9: 23 | F9: 24 | G9: Nochebuena | H9: 25 | I9: Navidad | J9: 26 | L9: 27 | N9: 28
B10: 13 | D10: 12 | F10: 9 | J10: 14 | L10: 14 | N10: 9
A11: 1 | B11: 29 | D11: 30 | F11: 31 | G11: Nochevieja | H11: 1 | I11: Año Nuevo | J11: 2 | L11: 3 | N11: 4
B12: 12 | D12: 13 | F12: 7 | J12: 13 | L12: 13 | N12: 7
A15: 46023
A16: Sem. | B16: Lunes | D16: Martes | F16: Miércoles | H16: Jueves | J16: Viernes | L16: Sábado | N16: Domingo
A17: 1 | B17: 29 | D17: 30 | F17: 31 | G17: Nochevieja | H17: 1 | I17: Año Nuevo | J17: 2 | L17: 3 | N17: 4
B18: 12 | D18: 13 | F18: 7 | J18: 13 | L18: 13 | N18: 7
A19: 2 | B19: 5 | D19: 6 | E19: Día de Reyes | F19: 7 | H19: 8 | J19: 9 | L19: 10 | N19: 11
B20: 13 | F20: 9 | H20: 10 | J20: 15 | L20: 15 | N20: 6
A21: 3 | B21: 12 | D21: 13 | F21: 14 | H21: 15 | J21: 16 | L21: 17 | N21: 18
B22: 7 | D22: 11 | F22: 11 | H22: 14 | J22: 15 | L22: 15 | N22: 2
A23: 4 | B23: 19 | D23: 20 | F23: 21 | H23: 22 | J23: 23 | K23: Festivo Talavera | L23: 24 | N23: 25
B24: 7 | D24: 11 | F24: 11 | H24: 13 | J24: 14 | L24: 15 | N24: 2
A25: 5 | B25: 26 | D25: 27 | F25: 28 | H25: 29 | I25: festivo en zaragoza | J25: 30 | L25: 31 | N25: 1
B26: 7 | D26: 11 | F26: 11 | H26: 13 | J26: 15 | L26: 15 | N26: 2
A28: 46054
A29: Sem. | B29: Lunes | D29: Martes | F29: Miércoles | H29: Jueves | J29: Viernes | L29: Sábado | N29: Domingo
A30: 5 | B30: 26 | D30: 27 | F30: 28 | H30: 29 | J30: 30 | L30: 31 | N30: 1
N31: 2
A32: 6 | B32: 2 | D32: 3 | F32: 4 | H32: 5 | J32: 6 | L32: 7 | N32: 8
B33: 8 | D33: 10 | F33: 7 | H33: 12 | J33: 14 | L33: 14 | N33: 2
A34: 7 | B34: 9 | D34: 10 | F34: 11 | H34: 12 | J34: 13 | L34: 14 | N34: 15
B35: 10 | D35: 9 | F35: 11 | H35: 14 | J35: 15 | L35: 15 | N35: 2
A36: 8 | B36: 16 | D36: 17 | F36: 18 | H36: 19 | J36: 20 | L36: 21 | N36: 22
B37: 10 | D37: 9 | F37: 10 | H37: 13 | J37: 14 | L37: 14 | N37: 2
A38: 9 | B38: 23 | D38: 24 | F38: 25 | H38: 26 | J38: 27 | L38: 28 | M38: OJO!! FESTIVO ANDALUCÍA | N38: 1
B39: 8 | D39: 10 | F39: 10 | H39: 15 | J39: 14 | L39: 10 | N39: 2

Sheet Planificados
A2: W45
A3: CENTRO | B3: GPV | C3: HORAS | D3: Promotor | E3: Lunes | G3: Martes | I3: Miercoles | K3: Jueves | M3: Viernes | O3: Sabado | Q3: Domingo | S3: total
A4: ECI LEÓN | B4: EUKENE | C4: 40 | E4: 12:00 - 14:00 y 15:00 - 21:00 | F4: 8 | G4: 12:00 - 14:00 y 15:00 - 21:00 | H4: 8 | I4: LIBRE | J4: 0 | K4: 12:00 - 14:00 y 15:00 - 21:00 | L4: 8 | M4: 12:00 - 14:00 y 15:00 - 21:00 | N4: 8 | O4: 12:00 - 14:00 y 15:00 - 21:00 | P4: 8 | Q4: LIBRE | R4: 0 | S4: =F4+H4+J4+L4+N4+P4+R4 -> 40
A5: ECI COSTA MIJAS | B5: MARISA | C5: 40 | D5: BRYAN | E5: LIBRE | F5: 0 | G5: 12:00 - 14:00 y 15:00 - 21:00 | H5: 8 | I5: 12:00 - 14:00 y 15:00 - 21:00 | J5: 8 | K5: 12:00 - 14:00 y 15:00 - 21:00 | L5: 8 | M5: 12:00 - 14:00 y 15:00 - 21:00 | N5: 8 | O5: 12:00 - 14:00 y 15:00 - 21:00 | P5: 8 | Q5: LIBRE | R5: 0 | S5: =F5+H5+J5+L5+N5+P5+R5 -> 40
A6: ECI BAHÍA MÁLAGA | B6: MARISA | C6: 40 | D6: DAVID | E6: 12:00 - 14:00 y 15:00 - 21:00 | F6: 8 | G6: LIBRE | H6: 0 | I6: 12:00 - 14:00 y 15:00 - 21:00 | J6: 8 | K6: 12:00 - 14:00 y 15:00 - 21:00 | L6: 8 | M6: 12:00 - 14:00 y 15:00 - 21:00 | N6: 8 | O6: 12:00 - 14:00 y 15:00 - 21:00 | P6: 8 | Q6: LIBRE | R6: 0 | S6: =F6+H6+J6+L6+N6+P6+R6 -> 40
A7: ECI CORNELLÁ | B7: GUADALUPE | C7: 40 | D7: ABRIL | F7: 0 | G7: 12:00 - 14:00 y 15:00 - 21:00 | H7: 8 | I7: 12:00 - 14:00 y 15:00 - 21:00 | J7: 8 | K7: 12:00 - 14:00 y 15:00 - 21:00 | L7: 8 | M7: 12:00 - 14:00 y 15:00 - 21:00 | N7: 8 | O7: 12:00 - 14:00 y 15:00 - 21:00 | P7: 8 | Q7: LIBRE | R7: 0 | S7: =F7+H7+J7+L7+N7+P7+R7 -> 40
A8: ECI PLAZA DEL DUQUE | B8: MARISA | C8: 40 | D8: CLARIBEL | F8: 0 | H8: 0 | J8: 0 | L8: 0 | M8: 12:00 - 14:00 y 15:00 - 21:00 | N8: 8 | O8: 12:00 - 14:00 y 15:00 - 21:00 | P8: 8 | Q8: LIBRE | R8: 0 | S8: =F8+H8+J8+L8+N8+P8+R8 -> 16
A9: ECI TALAVERA | B9: ALBERTO | C9: 40 | D9: LAURA | F9: 0 | H9: 0 | I9: LIBRE | J9: 0 | K9: 12:00 - 14:00 y 15:00 - 21:00 | L9: 8 | M9: 12:00 - 14:00 y 15:00 - 21:00 | N9: 8 | O9: 12:00 - 14:00 y 15:00 - 21:00 | P9: 8 | Q9: LIBRE | R9: 0 | S9: =F9+H9+J9+L9+N9+P9+R9 -> 24
A10: ECI ZARAGOZA ( SAGASTA) | B10: GUADALUPE | C10: 40 | D10: ESTELA | F10: 0 | H10: 0 | J10: 0 | L10: 0 | M10: 12:00 - 14:00 y 15:00 - 21:00 | N10: 8 | O10: 12:00 - 14:00 y 15:00 - 21:00 | P10: 8 | Q10: LIBRE | R10: 0 | S10: =F10+H10+J10+L10+N10+P10+R10 -> 16
A11: ECI ÁLCALA DE HENARES | B11: ALBERTO | C11: 40 | D11: NOELIA | F11: 0 | H11: 0 | I11: 12:00 - 14:00 y 15:00 - 21:00 | J11: 8 | K11: 12:00 - 14:00 y 15:00 - 21:00 | L11: 8 | M11: 12:00 - 14:00 y 15:00 - 21:00 | N11: 8 | O11: 12:00 - 14:00 y 15:00 - 21:00 | P11: 8 | Q11: LIBRE | R11: 0 | S11: =F11+H11+J11+L11+N11+P11+R11 -> 32
A12: ECI RONDA CÓRDOBA | B12: MARISA | C12: 40 | D12: MIGUEL | F12: 0 | H12: 0 | I12: 12:00 - 15:00 y 16:00 - 21:00 | J12: 8 | K12: 12:00 - 15:00 y 16:00 - 21:00 | L12: 8 | M12: 12:00 - 15:00 y 16:00 - 21:00 | N12: 8 | O12: 12:00 - 15:00 y 16:00 - 21:00 | P12: 8 | Q12: LIBRE | R12: 0 | S12: =F12+H12+J12+L12+N12+P12+R12 -> 32
A13: ECI SALAMANCA | B13: ALBERTO | C13: 40 | D13: ALISON | E13: 12:00 - 14:00 y 15:00 - 21:00 | F13: 8 | G13: 12:00 - 14:00 y 15:00 - 21:00 | H13: 8 | I13: LIBRE | J13: 0 | K13: 12:00 - 14:00 y 15:00 - 21:00 | L13: 8 | M13: 12:00 - 14:00 y 15:00 - 21:00 | N13: 8 | O13: 12:00 - 14:00 y 15:00 - 21:00 | P13: 8 | Q13: LIBRE | R13: 0 | S13: =F13+H13+J13+L13+N13+P13+R13 -> 40
A14: ECI GUADALAJARA | B14: ALBERTO | C14: 40 | D14: DARWIN | F14: 0 | H14: 0 | I14: 12:00 - 14:00 y 15:00 - 21:00 | J14: 8 | K14: 12:00 - 14:00 y 15:00 - 21:00 | L14: 8 | M14: 12:00 - 14:00 y 15:00 - 21:00 | N14: 8 | O14: 12:00 - 14:00 y 15:00 - 21:00 | P14: 8 | Q14: LIBRE | R14: 0 | S14: =F14+H14+J14+L14+N14+P14+R14 -> 32
A15: ECI HUELVA | B15: MARISA | C15: 40 | D15: MARIO | F15: 0 | H15: 0 | J15: 0 | L15: 0 | M15: 10:00 - 14:00 y 17:00 - 21:00 | N15: 8 | O15: 10:00 - 14:00 y 17:00 - 21:00 | P15: 8 | Q15: LIBRE | R15: 0 | S15: =F15+H15+J15+L15+N15+P15+R15 -> 16
A16: ECI A CORUÑA | B16: EUKENE | C16: 40 | D16: ALEJANDRO | F16: 0 | H16: 0 | J16: 0 | L16: 0 | M16: 12:00 - 14:00 y 15:00 - 21:00 | N16: 8 | O16: 12:00 - 14:00 y 15:00 - 21:00 | P16: 8 | Q16: LIBRE | R16: 0 | S16: =F16+H16+J16+L16+N16+P16+R16 -> 16
A17: ECI PAMPLONA | B17: EUKENE | C17: 40 | D17: ANNE | F17: 0 | H17: 0 | J17: 0 | L17: 0 | M17: 11:00 - 14:00 y 16:00 - 21:00 | N17: 8 | O17: 11:00 - 14:00 y 16:00 - 21:00 | P17: 8 | Q17: LIBRE | R17: 0 | S17: =F17+H17+J17+L17+N17+P17+R17 -> 16
A18: ECI SAN JOSÉ DE VALDERAS | B18: ALBERTO | C18: 40 | D18: ZEVALLOS | F18: 0 | H18: 0 | J18: 0 | L18: 0 | M18: 11:00 - 14:00 y 16:00 - 21:00 | N18: 8 | O18: 11:00 - 14:00 y 16:00 - 21:00 | P18: 8 | Q18: 12:00 - 15:00 y 16:00 - 21:00 | R18: 8 | S18: =F18+H18+J18+L18+N18+P18+R18 -> 24
S19: =S4+S5+S6+S7+S8+S9+S10+S11+S12+S13+S14+S15+S16+S17+S18 -> 424
A20: W46
A21: CENTRO | B21: GPV | C21: HORAS | D21: Promotor | E21: Lunes | G21: Martes | I21: Miercoles | K21: Jueves | M21: Viernes | O21: Sabado | Q21: Domingo | S21: total
A22: ECI LEÓN | B22: EUKENE | C22: 40 | E22: 12:00 - 14:00 y 15:00 - 21:00 | F22: 8 | G22: 12:00 - 14:00 y 15:00 - 21:00 | H22: 8 | I22: LIBRE | J22: 0 | K22: 12:00 - 14:00 y 15:00 - 21:00 | L22: 8 | M22: 12:00 - 14:00 y 15:00 - 21:00 | N22: 8 | O22: 12:00 - 14:00 y 15:00 - 21:00 | P22: 8 | Q22: LIBRE | R22: 0 | S22: 40
A23: ECI COSTA MIJAS | B23: MARISA | C23: 40 | D23: BRYAN | E23: LIBRE | F23: 0 | G23: 12:00 - 14:00 y 15:00 - 21:00 | H23: 8 | I23: 12:00 - 14:00 y 15:00 - 21:00 | J23: 8 | K23: 12:00 - 14:00 y 15:00 - 21:00 | L23: 8 | M23: 12:00 - 14:00 y 15:00 - 21:00 | N23: 8 | O23: 12:00 - 14:00 y 15:00 - 21:00 | P23: 8 | Q23: LIBRE | R23: 0 | S23: 40
A24: ECI BAHÍA MÁLAGA | B24: MARISA | C24: 40 | D24: DAVID | E24: 11:00 - 14:00 y 16:00 - 21:00 | F24: 8 | G24: LIBRE | H24: 0 | I24: 11:00 - 14:00 y 16:00 - 21:00 | J24: 8 | K24: 11:00 - 14:00 y 16:00 - 21:00 | L24: 8 | M24: 11:00 - 14:00 y 16:00 - 21:00 | N24: 8 | O24: 11:00 - 14:00 y 16:00 - 21:00 | P24: 8 | Q24: LIBRE | R24: 0 | S24: 40
A25: ECI CORNELLÁ | B25: GUADALUPE | C25: 40 | D25: ABRIL | E25: LIBRE | F25: 0 | G25: 12:00 - 14:00 y 15:00 - 21:00 | H25: 8 | I25: 12:00 - 14:00 y 15:00 - 21:00 | J25: 8 | K25: 12:00 - 14:00 y 15:00 - 21:00 | L25: 8 | M25: 12:00 - 14:00 y 15:00 - 21:00 | N25: 8 | O25: 12:00 - 14:00 y 15:00 - 21:00 | P25: 8 | Q25: LIBRE | R25: 0 | S25: 40
A26: ECI PLAZA DEL DUQUE | B26: MARISA | C26: 40 | D26: CLARIBEL | E26: LIBRE | F26: 0 | G26: 12:00 - 14:00 y 15:00 - 21:00 | H26: 8 | I26: 12:00 - 14:00 y 15:00 - 21:00 | J26: 8 | K26: 12:00 - 14:00 y 15:00 - 21:00 | L26: 8 | M26: 12:00 - 14:00 y 15:00 - 21:00 | N26: 8 | O26: 12:00 - 14:00 y 15:00 - 21:00 | P26: 8 | Q26: LIBRE | R26: 0 | S26: 40
A27: ECI TALAVERA | B27: ALBERTO | C27: 40 | D27: LAURA | E27: 12:00 - 14:00 y 15:00 - 21:00 | F27: 8 | G27: 12:00 - 14:00 y 15:00 - 21:00 | H27: 8 | I27: LIBRE | J27: 0 | K27: 12:00 - 14:00 y 15:00 - 21:00 | L27: 8 | M27: 12:00 - 14:00 y 15:00 - 21:00 | N27: 8 | O27: 12:00 - 14:00 y 15:00 - 21:00 | P27: 8 | Q27: LIBRE | R27: 0 | S27: 40
A28: ECI ZARAGOZA ( SAGASTA) | B28: GUADALUPE | C28: 40 | D28: ESTELA | E28: 12:00 - 14:00 y 15:00 - 21:00 | F28: 8 | G28: LIBRE | H28: 0 | I28: 12:00 - 14:00 y 15:00 - 21:00 | J28: 8 | K28: 12:00 - 14:00 y 15:00 - 21:00 | L28: 8 | M28: 12:00 - 14:00 y 15:00 - 21:00 | N28: 8 | O28: 12:00 - 14:00 y 15:00 - 21:00 | P28: 8 | Q28: LIBRE | R28: 0 | S28: 40
A29: ECI ÁLCALA DE HENARES | B29: ALBERTO | C29: 40 | D29: NOELIA | E29: LIBRE | F29: 0 | G29: LIBRE | H29: 0 | I29: 12:00 - 14:00 y 15:00 - 21:00 | J29: 8 | K29: 12:00 - 14:00 y 15:00 - 21:00 | L29: 8 | M29: 12:00 - 14:00 y 15:00 - 21:00 | N29: 8 | O29: 12:00 - 14:00 y 15:00 - 21:00 | P29: 8 | Q29: 12:00 - 14:00 y 15:00 - 21:00 | R29: 8 | S29: 40
A30: ECI RONDA CÓRDOBA | B30: MARISA | C30: 40 | D30: MIGUEL | E30: LIBRE | F30: 0 | G30: 12:00 - 15:00 y 16:00 - 21:00 | H30: 8 | I30: 12:00 - 15:00 y 16:00 - 21:00 | J30: 8 | K30: 12:00 - 15:00 y 16:00 - 21:00 | L30: 8 | M30: 12:00 - 15:00 y 16:00 - 21:00 | N30: 8 | O30: 12:00 - 15:00 y 16:00 - 21:00 | P30: 8 | Q30: LIBRE | R30: 0 | S30: 40
A31: ECI SALAMANCA | B31: ALBERTO | C31: 40 | D31: ALISON | E31: 12:00 - 14:00 y 15:00 - 21:00 | F31: 8 | G31: 12:00 - 14:00 y 15:00 - 21:00 | H31: 8 | I31: LIBRE | J31: 0 | K31: 12:00 - 14:00 y 15:00 - 21:00 | L31: 8 | M31: 12:00 - 14:00 y 15:00 - 21:00 | N31: 8 | O31: 12:00 - 14:00 y 15:00 - 21:00 | P31: 8 | Q31: LIBRE | R31: 0 | S31: 40
A32: ECI GUADALAJARA | B32: ALBERTO | C32: 40 | D32: DARWIN | E32: 12:00 - 14:00 y 15:00 - 21:00 | F32: 8 | G32: LIBRE | H32: 0 | I32: 12:00 - 14:00 y 15:00 - 21:00 | J32: 8 | K32: 12:00 - 14:00 y 15:00 - 21:00 | L32: 8 | M32: 12:00 - 14:00 y 15:00 - 21:00 | N32: 8 | O32: 12:00 - 14:00 y 15:00 - 21:00 | P32: 8 | Q32: LIBRE | R32: 0 | S32: 40
A33: ECI HUELVA | B33: MARISA | C33: 40 | D33: MARIO | E33: 10:30 - 13:30 y 16:00 - 21:00 | F33: 8 | G33: 10:30 - 13:30 y 16:00 - 21:00 | H33: 8 | I33: LIBRE | J33: 0 | K33: 10:30 - 13:30 y 16:00 - 21:00 | L33: 8 | M33: 10:00 - 14:00 y 17:00 - 21:00 | N33: 8 | O33: 10:00 - 14:00 y 17:00 - 21:00 | P33: 8 | Q33: LIBRE | R33: 0 | S33: 40
A34: ECI A CORUÑA | B34: EUKENE | C34: 40 | D34: ALEJANDRO | E34: 12:00 - 14:00 y 15:00 - 21:00 | F34: 8 | G34: 12:00 - 14:00 y 15:00 - 21:00 | H34: 8 | I34: 12:00 - 14:00 y 15:00 - 21:00 | J34: 8 | K34: LIBRE | L34: 0 | M34: 12:00 - 14:00 y 15:00 - 21:00 | N34: 8 | O34: 12:00 - 14:00 y 15:00 - 21:00 | P34: 8 | Q34: LIBRE | R34: 0 | S34: 40
... A36: ECI SAN JOSÉ DE VALDERAS | B36: ALBERTO | C36: 40 | D36: ZEVALLOS | E36: LIBRE | F36: 0 | G36: LIBRE | H36: 0 | I36: 12:00 - 15:00 y 16:00 - 21:00 | J36: 8 | K36: 12:00 - 15:00 y 16:00 - 21:00 | L36: 8 | M36: 12:00 - 15:00 y 16:00 - 21:00 | N36: 8 | O36: 12:00 - 15:00 y 16:00 - 21:00 | P36: 8 | Q36: 12:00 - 15:00 y 16:00 - 21:00 | R36: 8 | S36: 40
S37: =SUM(S22:S36) -> 600
A38: W47
A39: CENTRO | B39: GPV | C39: HORAS | D39: Promotor | E39: Lunes | G39: Martes | I39: Miercoles | K39: Jueves | M39: Viernes | O39: Sabado | Q39: Domingo | S39: total
A40: ECI LEÓN | B40: EUKENE | C40: 40 | E40: 12:00 - 14:00 y 15:00 - 21:00 | F40: 8 | G40: 12:00 - 14:00 y 15:00 - 21:00 | H40: 8 | I40: LIBRE | J40: 0 | K40: 12:00 - 14:00 y 15:00 - 21:00 | L40: 8 | M40: 12:00 - 14:00 y 15:00 - 21:00 | N40: 8 | O40: 12:00 - 14:00 y 15:00 - 21:00 | P40: 8 | Q40: LIBRE | R40: 0 | S40: 40
A41: ECI COSTA MIJAS | B41: MARISA | C41: 40 | D41: BRYAN | E41: LIBRE | F41: 0 | G41: 12:00 - 14:00 y 15:00 - 21:00 | H41: 8 | I41: 12:00 - 14:00 y 15:00 - 21:00 | J41: 8 | K41: 12:00 - 14:00 y 15:00 - 21:00 | L41: 8 | M41: 12:00 - 14:00 y 15:00 - 21:00 | N41: 8 | O41: 12:00 - 14:00 y 15:00 - 21:00 | P41: 8 | Q41: LIBRE | R41: 0 | S41: 40
A42: ECI BAHÍA MÁLAGA | B42: MARISA | C42: 40 | D42: DAVID | E42: 11:00 - 14:00 y 16:00 - 21:00 | F42: 8 | G42: LIBRE | H42: 0 | I42: 11:00 - 14:00 y 16:00 - 21:00 | J42: 8 | K42: 11:00 - 14:00 y 16:00 - 21:00 | L42: 8 | M42: 11:00 - 14:00 y 16:00 - 21:00 | N42: 8 | O42: 11:00 - 14:00 y 16:00 - 21:00 | P42: 8 | Q42: LIBRE | R42: 0 | S42: 40
A43: ECI CORNELLÁ | B43: GUADALUPE | C43: 40 | D43: ABRIL | E43: LIBRE | F43: 0 | G43: 12:00 - 14:00 y 15:00 - 21:00 | H43: 8 | I43: 12:00 - 14:00 y 15:00 - 21:00 | J43: 8 | K43: 12:00 - 14:00 y 15:00 - 21:00 | L43: 8 | M43: 12:00 - 14:00 y 15:00 - 21:00 | N43: 8 | O43: 12:00 - 14:00 y 15:00 - 21:00 | P43: 8 | Q43: LIBRE | R43: 0 | S43: 40
A44: ECI PLAZA DEL DUQUE | B44: MARISA | C44: 40 | D44: CLARIBEL | E44: LIBRE | F44: 0 | G44: 12:00 - 14:00 y 15:00 - 21:00 | H44: 8 | I44: 12:00 - 14:00 y 15:00 - 21:00 | J44: 8 | K44: 12:00 - 14:00 y 15:00 - 21:00 | L44: 8 | M44: 12:00 - 14:00 y 15:00 - 21:00 | N44: 8 | O44: 12:00 - 14:00 y 15:00 - 21:00 | P44: 8 | Q44: LIBRE | R44: 0 | S44: 40
A45: ECI TALAVERA | B45: ALBERTO | C45: 40 | D45: LAURA | E45: 12:00 - 14:00 y 15:00 - 21:00 | F45: 8 | G45: 12:00 - 14:00 y 15:00 - 21:00 | H45: 8 | I45: LIBRE | J45: 0 | K45: 12:00 - 14:00 y 15:00 - 21:00 | L45: 8 | M45: 12:00 - 14:00 y 15:00 - 21:00 | N45: 8 | O45: 12:00 - 14:00 y 15:00 - 21:00 | P45: 8 | Q45: LIBRE | R45: 0 | S45: 40
A46: ECI ZARAGOZA ( SAGASTA) | B46: GUADALUPE | C46: 40 | D46: ESTELA | E46: 12:00 - 14:00 y 15:00 - 21:00 | F46: 8 | G46: LIBRE | H46: 0 | I46: 12:00 - 14:00 y 15:00 - 21:00 | J46: 8 | K46: 12:00 - 14:00 y 15:00 - 21:00 | L46: 8 | M46: 12:00 - 14:00 y 15:00 - 21:00 | N46: 8 | O46: 12:00 - 14:00 y 15:00 - 21:00 | P46: 8 | Q46: LIBRE | R46: 0 | S46: 40
A47: ECI ÁLCALA DE HENARES | B47: ALBERTO | C47: 40 | D47: NOELIA | E47: LIBRE | F47: 0 | G47: LIBRE | H47: 0 | I47: 12:00 - 14:00 y 15:00 - 21:00 | J47: 8 | K47: 12:00 - 14:00 y 15:00 - 21:00 | L47: 8 | M47: 12:00 - 14:00 y 15:00 - 21:00 | N47: 8 | O47: 12:00 - 14:00 y 15:00 - 21:00 | P47: 8 | Q47: 12:00 - 14:00 y 15:00 - 21:00 | R47: 8 | S47: 40
A48: ECI RONDA CÓRDOBA | B48: MARISA | C48: 40 | D48: MIGUEL | E48: LIBRE | F48: 0 | G48: 12:00 - 15:00 y 16:00 - 21:00 | H48: 8 | I48: 12:00 - 15:00 y 16:00 - 21:00 | J48: 8 | K48: 12:00 - 15:00 y 16:00 - 21:00 | L48: 8 | M48: 12:00 - 15:00 y 16:00 - 21:00 | N48: 8 | O48: 12:00 - 15:00 y 16:00 - 21:00 | P48: 8 | Q48: LIBRE | R48: 0 | S48: 40
A49: ECI SALAMANCA | B49: ALBERTO | C49: 40 | D49: ALISON | E49: 12:00 - 14:00 y 15:00 - 21:00 | F49: 8 | G49: 12:00 - 14:00 y 15:00 - 21:00 | H49: 8 | I49: LIBRE | J49: 0 | K49: 12:00 - 14:00 y 15:00 - 21:00 | L49: 8 | M49: 12:00 - 14:00 y 15:00 - 21:00 | N49: 8 | O49: 12:00 - 14:00 y 15:00 - 21:00 | P49: 8 | Q49: LIBRE | R49: 0 | S49: 40
A50: ECI GUADALAJARA | B50: ALBERTO | C50: 40 | D50: DARWIN | E50: 12:00 - 14:00 y 15:00 - 21:00 | F50: 8 | G50: LIBRE | H50: 0 | I50: 12:00 - 14:00 y 15:00 - 21:00 | J50: 8 | K50: 12:00 - 14:00 y 15:00 - 21:00 | L50: 8 | M50: 12:00 - 14:00 y 15:00 - 21:00 | N50: 8 | O50: 12:00 - 14:00 y 15:00 - 21:00 | P50: 8 | Q50: LIBRE | R50: 0 | S50: 40
A51: ECI HUELVA | B51: MARISA | C51: 40 | D51: MARIO | E51: 10:30 - 13:30 y 16:00 - 21:00 | F51: 8 | G51: 10:30 - 13:30 y 16:00 - 21:00 | H51: 8 | I51: LIBRE | J51: 0 | K51: 10:30 - 13:30 y 16:00 - 21:00 | L51: 8 | M51: 10:00 - 14:00 y 17:00 - 21:00 | N51: 8 | O51: 10:00 - 14:00 y 17:00 - 21:00 | P51: 8 | Q51: LIBRE | R51: 0 | S51: 40
A52: ECI A CORUÑA | B52: EUKENE | C52: 40 | D52: ALEJANDRO | E52: 12:00 - 14:00 y 15:00 - 21:00 | F52: 8 | G52: 12:00 - 14:00 y 15:00 - 21:00 | H52: 8 | I52: 12:00 - 14:00 y 15:00 - 21:00 | J52: 8 | K52: LIBRE | L52: 0 | M52: 12:00 - 14:00 y 15:00 - 21:00 | N52: 8 | O52: 12:00 - 14:00 y 15:00 - 21:00 | P52: 8 | Q52: LIBRE | R52: 0 | S52: 40
... A54: ECI SAN JOSÉ DE VALDERAS | B54: ALBERTO | C54: 40 | D54: ZEVALLOS | E54: LIBRE | F54: 0 | G54: LIBRE | H54: 0 | I54: 12:00 - 15:00 y 16:00 - 21:00 | J54: 8 | K54: 12:00 - 15:00 y 16:00 - 21:00 | L54: 8 | M54: 12:00 - 15:00 y 16:00 - 21:00 | N54: 8 | O54: 12:00 - 15:00 y 16:00 - 21:00 | P54: 8 | Q54: 12:00 - 15:00 y 16:00 - 21:00 | R54: 8 | S54: 40
S55: =SUM(S40:S54) -> 600
R57: Total: | S57: =S19+S37+S55 -> 1624

Sheet Reales
A2: W45
A3: CENTRO | B3: Promotor | C3: Lunes 03 | E3: Martes 04 | G3: Miercoles 05 | I3: Jueves 06 | K3: Viernes 07 | M3: Sabado 08 | O3: Domingo 09 | Q3: total
A4: ECI LEÓN | B4: GRACIELA | C4: 12:00 - 14:00 y 15:00 - 21:00 | D4: 8 | E4: 12:00 - 14:00 y 15:00 - 21:00 | F4: 8 | G4: LIBRE | H4: 0 | I4: 12:00 - 14:00 y 15:00 - 21:00 | J4: 8 | K4: 12:00 - 14:00 y 15:00 - 21:00 | L4: 8 | M4: 12:00 - 14:00 y 15:00 - 21:00 | N4: 8 | O4: LIBRE | P4: 0 | Q4: =D4+F4+H4+J4+L4++N4+P4 -> 40
A5: ECI COSTA MIJAS | B5: BRYAN | C5: LIBRE | D5: 0 | E5: 12:00 - 14:00 y 15:00 - 21:00 | F5: 8 | G5: 12:00 - 14:00 y 15:00 - 21:00 | H5: 8 | I5: 12:00 - 14:00 y 15:00 - 21:00 | J5: 8 | K5: 12:00 - 14:00 y 15:00 - 21:00 | L5: 8 | M5: 12:00 - 14:00 y 15:00 - 21:00 | N5: 8 | O5: LIBRE | P5: 0 | Q5: =D5+F5+H5+J5+L5++N5+P5 -> 40
A6: ECI BAHÍA MÁLAGA | B6: DAVID | C6: 12:00 - 14:00 y 15:00 - 21:00 | D6: 8 | E6: LIBRE | F6: 0 | G6: 12:00 - 14:00 y 15:00 - 21:00 | H6: 8 | I6: 12:00 - 14:00 y 15:00 - 21:00 | J6: 8 | K6: 12:00 - 14:00 y 15:00 - 21:00 | L6: 8 | M6: 12:00 - 14:00 y 15:00 - 21:00 | N6: 8 | O6: LIBRE | P6: 0 | Q6: =D6+F6+H6+J6+L6++N6+P6 -> 40
A7: ECI CORNELLÁ | B7: ABRIL | D7: 0 | E7: 12:00 - 14:00 y 15:00 - 21:00 | F7: 8 | G7: 12:00 - 14:00 y 15:00 - 21:00 | H7: 8 | I7: 12:00 - 14:00 y 15:00 - 21:00 | J7: 8 | K7: 12:00 - 14:00 y 15:00 - 21:00 | L7: 8 | M7: 12:00 - 14:00 y 15:00 - 21:00 | N7: 8 | O7: LIBRE | P7: 0 | Q7: =D7+F7+H7+J7+L7++N7+P7 -> 40
A8: ECI PLAZA DEL DUQUE | B8: CLARIBEL | D8: 0 | F8: 0 | H8: 0 | J8: 0 | K8: 12:00 - 14:00 y 15:00 - 21:00 | L8: 8 | M8: 12:00 - 14:00 y 15:00 - 21:00 | N8: 8 | O8: LIBRE | P8: 0 | Q8: =D8+F8+H8+J8+L8++N8+P8 -> 16
A9: ECI TALAVERA | B9: LAURA | D9: 0 | F9: 0 | G9: LIBRE | H9: 0 | I9: 12:00 - 14:00 y 15:00 - 21:00 | J9: 8 | K9: 12:00 - 14:00 y 15:00 - 21:00 | L9: 8 | M9: 12:00 - 14:00 y 15:00 - 21:00 | N9: 8 | O9: LIBRE | P9: 0 | Q9: =D9+F9+H9+J9+L9++N9+P9 -> 24
A10: ECI ZARAGOZA ( SAGASTA) | B10: ESTELA | D10: 0 | F10: 0 | H10: 0 | J10: 0 | K10: 12:00 - 14:00 y 15:00 - 21:00 | L10: 8 | M10: 12:00 - 14:00 y 15:00 - 21:00 | N10: 8 | O10: LIBRE | P10: 0 | Q10: =D10+F10+H10+J10+L10++N10+P10 -> 16
A11: ECI ÁLCALA DE HENARES | B11: NOELIA | D11: 0 | F11: 0 | G11: 12:00 - 14:00 y 15:00 - 21:00 | H11: 8 | I11: 12:00 - 14:00 y 15:00 - 21:00 | J11: 8 | K11: 12:00 - 14:00 y 15:00 - 21:00 | L11: 8 | M11: 12:00 - 14:00 y 15:00 - 21:00 | N11: 8 | O11: LIBRE | P11: 0 | Q11: =D11+F11+H11+J11+L11++N11+P11 -> 32
A12: ECI RONDA CÓRDOBA | B12: MIGUEL | D12: 0 | F12: 0 | G12: 12:00 - 15:00 y 16:00 - 21:00 | H12: 8 | I12: 12:00 - 15:00 y 16:00 - 21:00 | J12: 8 | K12: 12:00 - 15:00 y 16:00 - 21:00 | L12: 8 | M12: 12:00 - 15:00 y 16:00 - 21:00 | N12: 8 | O12: LIBRE | P12: 0 | Q12: =D12+F12+H12+J12+L12++N12+P12 -> 32
A13: ECI SALAMANCA | B13: ALISON | C13: 12:00 - 14:00 y 15:00 - 21:00 | D13: 8 | E13: 12:00 - 14:00 y 15:00 - 21:00 | F13: 8 | G13: LIBRE | H13: 0 | I13: 12:00 - 14:00 y 15:00 - 21:00 | J13: 8 | K13: 12:00 - 14:00 y 15:00 - 21:00 | L13: 8 | M13: 12:00 - 14:00 y 15:00 - 21:00 | N13: 8 | O13: LIBRE | P13: 0 | Q13: =D13+F13+H13+J13+L13++N13+P13 -> 40
A14: ECI GUADALAJARA | B14: DARWIN | D14: 0 | F14: 0 | G14: 12:00 - 14:00 y 15:00 - 21:00 | H14: 8 | I14: 12:00 - 14:00 y 15:00 - 21:00 | J14: 8 | K14: 12:00 - 14:00 y 15:00 - 21:00 | L14: 8 | M14: 12:00 - 14:00 y 15:00 - 21:00 | N14: 8 | O14: LIBRE | P14: 0 | Q14: =D14+F14+H14+J14+L14++N14+P14 -> 32
A15: ECI HUELVA | B15: MARIO | D15: 0 | F15: 0 | H15: 0 | J15: 0 | K15: 10:00 - 14:00 y 17:00 - 21:00 | L15: 8 | M15: 10:00 - 14:00 y 17:00 - 21:00 | N15: 8 | O15: LIBRE | P15: 0 | Q15: =D15+F15+H15+J15+L15++N15+P15 -> 16
A16: ECI A CORUÑA | B16: ALEJANDRO | D16: 0 | F16: 0 | H16: 0 | J16: 0 | K16: 12:00 - 14:00 y 15:00 - 21:00 | L16: 8 | M16: 12:00 - 14:00 y 15:00 - 21:00 | N16: 8 | O16: LIBRE | P16: 0 | Q16: =D16+F16+H16+J16+L16++N16+P16 -> 16
A17: ECI PAMPLONA | B17: ANNE | D17: 0 | F17: 0 | H17: 0 | J17: 0 | K17: 11:00 - 14:00 y 16:00 - 21:00 | L17: 8 | M17: 11:00 - 14:00 y 16:00 - 21:00 | N17: 8 | O17: LIBRE | P17: 0 | Q17: =D17+F17+H17+J17+L17++N17+P17 -> 16
A18: ECI SAN JOSÉ DE VALDERAS | B18: ZEVALLOS | D18: 0 | F18: 0 | H18: 0 | J18: 0 | K18: 11:00 - 14:00 y 16:00 - 21:00 | L18: 8 | M18: 11:00 - 14:00 y 16:00 - 21:00 | N18: 8 | O18: 11:00 - 14:00 y 16:00 - 21:00 | P18: 8 | Q18: =D18+F18+H18+J18+L18++N18+P18 -> 24
Q19: =SUM(Q4:Q18) -> 424
A20: W46
A21: CENTRO | B21: GPV | C21: Lunes | E21: Martes | G21: Miercoles | I21: Jueves | K21: Viernes | M21: Sabado | O21: Domingo | Q21: total
A22: ECI LEÓN | B22: EUKENE | C22: 12:00 - 14:00 y 15:00 - 21:00 | D22: 8 | E22: 12:00 - 14:00 y 15:00 - 21:00 | F22: 8 | G22: LIBRE | H22: 0 | I22: BAJA | J22: 0 | K22: BAJA | L22: 0 | M22: BAJA | N22: 0 | O22: LIBRE | P22: 0 | Q22: =D22+F22+H22 -> 16
A23: ECI COSTA MIJAS | B23: MARISA | C23: LIBRE | D23: 0 | E23: 12:00 - 14:00 y 15:00 - 21:00 | F23: 8 | G23: 12:00 - 14:00 y 15:00 - 21:00 | H23: 8 | I23: 12:00 - 14:00 y 15:00 - 21:00 | J23: 8 | K23: 12:00 - 14:00 y 15:00 - 21:00 | L23: 8 | M23: 12:00 - 14:00 y 15:00 - 21:00 | N23: 8 | O23: LIBRE | P23: 0 | Q23: =D23+F23+H23+J23+L23+N23+P23 -> 40
A24: ECI BAHÍA MÁLAGA | B24: MARISA | C24: 11:00 - 14:00 y 16:00 - 21:00 | D24: 8 | E24: LIBRE | F24: 0 | G24: 11:00 - 14:00 y 16:00 - 21:00 | H24: 8 | I24: 11:00 - 14:00 y 16:00 - 21:00 | J24: 8 | K24: 11:00 - 14:00 y 16:00 - 21:00 | L24: 8 | M24: 11:00 - 14:00 y 16:00 - 21:00 | N24: 8 | O24: LIBRE | P24: 0 | Q24: =D24+F24+H24+J24+L24+N24+P24 -> 40
A25: ECI CORNELLÁ | B25: GUADALUPE | C25: LIBRE | D25: 0 | E25: 12:00 - 14:00 y 15:00 - 21:00 | F25: 8 | G25: 12:00 - 14:00 y 15:00 - 21:00 | H25: 8 | I25: 12:00 - 14:00 y 15:00 - 21:00 | J25: 8 | K25: 12:00 - 14:00 y 15:00 - 21:00 | L25: 8 | M25: 12:00 - 14:00 y 15:00 - 21:00 | N25: 8 | O25: LIBRE | P25: 0 | Q25: =D25+F25+H25+J25+L25+N25+P25 -> 40
A26: ECI PLAZA DEL DUQUE | B26: MARISA | C26: LIBRE | D26: 0 | E26: 12:00 - 14:00 y 15:00 - 21:00 | F26: 8 | G26: 12:00 - 14:00 y 15:00 - 21:00 | H26: 8 | I26: 12:00 - 14:00 y 15:00 - 21:00 | J26: 8 | K26: 12:00 - 14:00 y 15:00 - 21:00 | L26: 8 | M26: 12:00 - 14:00 y 15:00 - 21:00 | N26: 8 | O26: LIBRE | P26: 0 | Q26: =D26+F26+H26+J26+L26+N26+P26 -> 40
A27: ECI TALAVERA | B27: ALBERTO | C27: 12:00 - 14:00 y 15:00 - 21:00 | D27: 8 | E27: 12:00 - 14:00 y 15:00 - 21:00 | F27: 8 | G27: LIBRE | H27: 0 | I27: 12:00 - 14:00 y 15:00 - 21:00 | J27: 8 | K27: 12:00 - 14:00 y 15:00 - 21:00 | L27: 8 | M27: 12:00 - 14:00 y 15:00 - 21:00 | N27: 8 | O27: LIBRE | P27: 0 | Q27: =D27+F27+H27+J27+L27+N27+P27 -> 40
A28: ECI ZARAGOZA ( SAGASTA) | B28: GUADALUPE | C28: 12:00 - 14:00 y 15:00 - 21:00 | D28: 8 | E28: LIBRE | F28: 0 | G28: 12:00 - 14:00 y 15:00 - 21:00 | H28: 8 | I28: 12:00 - 14:00 y 15:00 - 21:00 | J28: 8 | K28: 12:00 - 14:00 y 15:00 - 21:00 | L28: 8 | M28: 12:00 - 14:00 y 15:00 - 21:00 | N28: 8 | O28: LIBRE | P28: 0 | Q28: =D28+F28+H28+J28+L28+N28+P28 -> 40
A29: ECI ÁLCALA DE HENARES | B29: ALBERTO | C29: LIBRE | D29: 0 | E29: LIBRE | F29: 0 | G29: 12:00 - 14:00 y 15:00 - 21:00 | H29: 8 | I29: 12:00 - 14:00 y 15:00 - 21:00 | J29: 8 | K29: 12:00 - 14:00 y 15:00 - 21:00 | L29: 8 | M29: 12:00 - 14:00 y 15:00 - 21:00 | N29: 8 | O29: 12:00 - 14:00 y 15:00 - 21:00 | P29: 8 | Q29: =D29+F29+H29+J29+L29+N29+P29 -> 40
A30: ECI RONDA CÓRDOBA | B30: MARISA | C30: LIBRE | D30: 0 | E30: 12:00 - 15:00 y 16:00 - 21:00 | F30: 8 | G30: 12:00 - 15:00 y 16:00 - 21:00 | H30: 8 | I30: 12:00 - 15:00 y 16:00 - 21:00 | J30: 8 | K30: 12:00 - 15:00 y 16:00 - 21:00 | L30: 8 | M30: 15:00 - 21:00 | N30: 6 | O30: LIBRE | P30: 0 | Q30: =D30+F30+H30+J30+L30+N30+P30 -> 38 | R30: Rotura de coche
A31: ECI SALAMANCA | B31: ALBERTO | C31: 12:00 - 14:00 y 15:00 - 21:00 | D31: 8 | E31: 12:00 - 14:00 y 15:00 - 21:00 | F31: 8 | G31: LIBRE | H31: 0 | I31: 12:00 - 14:00 y 15:00 - 21:00 | J31: 8 | K31: 12:00 - 14:00 y 15:00 - 21:00 | L31: 8 | M31: 12:00 - 14:00 y 15:00 - 21:00 | N31: 8 | O31: LIBRE | P31: 0 | Q31: =D31+F31+H31+J31+L31+N31+P31 -> 40
A32: ECI GUADALAJARA | B32: ALBERTO | C32: 12:00 - 14:00 y 15:00 - 21:00 | D32: 8 | E32: LIBRE | F32: 0 | G32: 12:00 - 14:00 y 15:00 - 21:00 | H32: 8 | I32: 12:00 - 14:00 y 15:00 - 21:00 | J32: 8 | K32: 12:00 - 14:00 y 15:00 - 21:00 | L32: 8 | M32: 12:00 - 14:00 y 15:00 - 21:00 | N32: 8 | O32: LIBRE | P32: 0 | Q32: =D32+F32+H32+J32+L32+N32+P32 -> 40
A33: ECI HUELVA | B33: MARISA | C33: 10:30 - 13:30 y 16:00 - 21:00 | D33: 8 | E33: 10:30 - 13:30 y 16:00 - 21:00 | F33: 8 | G33: LIBRE | H33: 0 | I33: 10:30 - 13:30 y 16:00 - 21:00 | J33: 8 | K33: 10:00 - 14:00 y 17:00 - 21:00 | L33: 8 | M33: 10:00 - 14:00 y 19:00 - 21:00 | N33: 8 | O33: LIBRE | P33: 0 | Q33: =D33+F33+H33+J33+L33+N33+P33 -> 40 | R33: Temporal
A34: ECI A CORUÑA | B34: EUKENE | C34: 12:00 - 14:00 y 15:00 - 21:00 | D34: 8 | E34: 12:00 - 14:00 y 15:00 - 21:00 | F34: 8 | G34: 12:00 - 14:00 y 15:00 - 21:00 | H34: 8 | I34: LIBRE | J34: 0 | K34: 12:00 - 14:00 y 15:00 - 21:00 | L34: 8 | M34: 12:00 - 14:00 y 15:00 - 21:00 | N34: 8 | O34: LIBRE | P34: 0 | Q34: =D34+F34+H34+J34+L34+N34+P34 -> 40
A35: ECI PAMPLONA | B35: EUKENE | D35: 0 | E35: LIBRE | F35: 0 | H35: 0 | J35: 0 | L35: 0 | N35: 0 | O35: LIBRE | P35: 0 | Q35: =D35+F35+H35+J35+L35+N35+P35 -> 0
A36: ECI SAN JOSÉ DE VALDERAS | B36: ALBERTO | C36: LIBRE | D36: 0 | E36: LIBRE | F36: 0 | G36: 12:00 - 15:00 y 16:00 - 21:00 | H36: 8 | I36: 12:00 - 15:00 y 16:00 - 21:00 | J36: 8 | K36: 12:00 - 15:00 y 16:00 - 21:00 | L36: 8 | M36: 12:00 - 15:00 y 16:00 - 21:00 | N36: 8 | O36: 12:00 - 15:00 y 16:00 - 21:00 | P36: 8 | Q36: =D36+F36+H36+J36+L36+N36+P36 -> 40
Q37: =SUM(Q22:Q36) -> 534
A38: W47
A39: CENTRO | B39: GPV | C39: Lunes | E39: Martes | G39: Miercoles | I39: Jueves | K39: Viernes | M39: Sabado | O39: Domingo | Q39: total
A40: ECI LEÓN | B40: EUKENE | C40: 12:00 - 14:00 y 15:00 - 21:00 | D40: 8 | E40: 12:00 - 14:00 y 15:00 - 21:00 | F40: 8 | G40: LIBRE | H40: 0 | I40: 12:00 - 14:00 y 15:00 - 21:00 | J40: 8 | K40: 12:00 - 14:00 y 15:00 - 21:00 | L40: 8 | M40: 12:00 - 15:00 | N40: 3 | O40: LIBRE | P40: 0 | Q40: =D40+F40+H40+J40+L40+N40+P40 -> 35 | R40: se va al médico por ansiedad
A41: ECI COSTA MIJAS | B41: MARISA | C41: LIBRE | D41: 0 | E41: 12:00 - 14:00 y 15:00 - 21:00 | F41: 8 | G41: 12:00 - 14:00 y 15:00 - 21:00 | H41: 8 | I41: 12:00 - 14:00 y 15:00 - 21:00 | J41: 8 | K41: 12:00 - 14:00 y 15:00 - 21:00 | L41: 8 | M41: 12:00 - 14:00 y 15:00 - 21:00 | N41: 8 | O41: LIBRE | P41: 0 | Q41: =D41+F41+H41+J41+L41+N41+P41 -> 40
A42: ECI BAHÍA MÁLAGA | B42: MARISA | C42: 11:00 - 14:00 y 16:00 - 21:00 | D42: 8 | E42: LIBRE | F42: 0 | G42: 11:00 - 14:00 y 16:00 - 21:00 | H42: 8 | I42: 11:00 - 14:00 y 16:00 - 21:00 | J42: 8 | K42: 11:00 - 14:00 y 16:00 - 21:00 | L42: 8 | M42: 11:00 - 14:00 y 16:00 - 21:00 | N42: 8 | O42: LIBRE | P42: 0 | Q42: =D42+F42+H42+J42+L42+N42+P42 -> 40
A43: ECI CORNELLÁ | B43: GUADALUPE | C43: LIBRE | D43: 0 | E43: 12:00 - 14:00 y 15:00 - 21:00 | F43: 8 | G43: 12:00 - 14:00 y 15:00 - 21:00 | H43: 8 | I43: 12:00 - 14:00 y 15:00 - 21:00 | J43: 8 | K43: 12:00 - 14:00 y 15:00 - 21:00 | L43: 8 | M43: 12:00 - 14:00 y 15:00 - 21:00 | N43: 8 | O43: LIBRE | P43: 0 | Q43: =D43+F43+H43+J43+L43+N43+P43 -> 40
A44: ECI PLAZA DEL DUQUE | B44: MARISA | C44: LIBRE | D44: 0 | E44: 12:00 - 14:00 y 15:00 - 21:00 | F44: 8 | G44: 12:00 - 14:00 y 15:00 - 21:00 | H44: 8 | I44: 12:00 - 14:00 y 15:00 - 21:00 | J44: 8 | K44: 12:00 - 14:00 y 15:00 - 21:00 | L44: 8 | M44: 12:00 - 14:00 y 15:00 - 21:00 | N44: 8 | O44: LIBRE | P44: 0 | Q44: =D44+F44+H44+J44+L44+N44+P44 -> 40
A45: ECI TALAVERA | B45: ALBERTO | C45: 12:00 - 14:00 y 15:00 - 21:00 | D45: 8 | E45: 12:00 - 14:00 y 15:00 - 21:00 | F45: 8 | G45: LIBRE | H45: 0 | I45: 12:00 - 14:00 y 15:00 - 21:00 | J45: 8 | K45: 12:00 - 14:00 y 15:00 - 21:00 | L45: 8 | M45: 12:00 - 14:00 y 15:00 - 21:00 | N45: 8 | O45: LIBRE | P45: 0 | Q45: =D45+F45+H45+J45+L45+N45+P45 -> 40
A46: ECI ZARAGOZA ( SAGASTA) | B46: GUADALUPE | C46: 12:00 - 14:00 y 15:00 - 21:00 | D46: 8 | E46: LIBRE | F46: 0 | G46: 12:00 - 14:00 y 15:00 - 21:00 | H46: 8 | I46: 12:00 - 14:00 y 15:00 - 21:00 | J46: 8 | K46: 12:00 - 14:00 y 15:00 - 21:00 | L46: 8 | M46: 12:00 - 14:00 y 15:00 - 21:00 | N46: 8 | O46: LIBRE | P46: 0 | Q46: =D46+F46+H46+J46+L46+N46+P46 -> 40
A47: ECI ÁLCALA DE HENARES | B47: ALBERTO | C47: LIBRE | D47: 0 | E47: LIBRE | F47: 0 | G47: 12:00 - 14:00 y 15:00 - 21:00 | H47: 8 | I47: 12:00 - 14:00 y 15:00 - 21:00 | J47: 8 | K47: 12:00 - 14:00 y 15:00 - 21:00 | L47: 8 | M47: 12:00 - 14:00 y 15:00 - 21:00 | N47: 8 | O47: 12:00 - 14:00 y 15:00 - 21:00 | P47: 8 | Q47: =D47+F47+H47+J47+L47+N47+P47 -> 40
A48: ECI RONDA CÓRDOBA | B48: MARISA | C48: LIBRE | D48: 0 | E48: 12:00 - 15:00 y 16:00 - 21:00 | F48: 8 | G48: 12:00 - 15:00 y 16:00 - 21:00 | H48: 8 | I48: 12:00 - 15:00 y 16:00 - 21:00 | J48: 8 | K48: 12:00 - 15:00 y 16:00 - 21:00 | L48: 8 | M48: 12:00 - 15:00 y 16:00 - 21:00 | N48: 8 | O48: LIBRE | P48: 0 | Q48: =D48+F48+H48+J48+L48+N48+P48 -> 40
A49: ECI SALAMANCA | B49: ALBERTO | C49: 12:00 - 14:00 y 15:00 - 21:00 | D49: 8 | E49: 12:00 - 14:00 y 15:00 - 21:00 | F49: 8 | G49: LIBRE | H49: 0 | I49: 12:00 - 14:00 y 15:00 - 21:00 | J49: 8 | K49: 12:00 - 14:00 y 15:00 - 21:00 | L49: 8 | M49: 12:00 - 14:00 y 15:00 - 21:00 | N49: 8 | O49: LIBRE | P49: 0 | Q49: =D49+F49+H49+J49+L49+N49+P49 -> 40
A50: ECI GUADALAJARA | B50: ALBERTO | C50: 12:00 - 14:00 y 15:00 - 21:00 | D50: 8 | E50: LIBRE | F50: 0 | G50: 15:00 - 21:00 | H50: 8 | I50: 12:00 - 14:00 y 15:00 - 21:00 | J50: 8 | K50: 12:00 - 14:00 y 15:00 - 21:00 | L50: 8 | M50: 12:00 - 14:00 y 15:00 - 21:00 | N50: 8 | O50: LIBRE | P50: 0 | Q50: =D50+F50+H50+J50+L50+N50+P50 -> 40 | R50: Médico con horas justificadas
A51: ECI HUELVA | B51: MARISA | C51: 10:30 - 13:30 y 16:00 - 21:00 | D51: 8 | E51: 10:30 - 13:30 y 16:00 - 21:00 | F51: 8 | G51: LIBRE | H51: 0 | I51: 10:30 - 13:30 y 16:00 - 21:00 | J51: 8 | K51: 10:00 - 14:00 y 17:00 - 21:00 | L51: 8 | M51: 10:00 - 14:00 y 17:00 - 21:00 | N51: 8 | O51: LIBRE | P51: 0 | Q51: =D51+F51+H51+J51+L51+N51+P51 -> 40
A52: ECI A CORUÑA | B52: EUKENE | C52: 12:00 - 14:00 y 15:00 - 21:00 | D52: 8 | E52: 12:00 - 14:00 y 15:00 - 21:00 | F52: 8 | G52: 12:00 - 14:00 y 15:00 - 21:00 | H52: 8 | I52: LIBRE | J52: 0 | K52: 12:00 - 14:00 y 15:00 - 21:00 | L52: 8 | M52: 12:00 - 14:00 y 15:00 - 21:00 | N52: 8 | O52: LIBRE | P52: 0 | Q52: =D52+F52+H52+J52+L52+N52+P52 -> 40
A53: ECI PAMPLONA | B53: EUKENE | C53: 11:00 - 14:00 y 16:00 - 21:00 | D53: 8 | E53: LIBRE | F53: 0 | G53: 11:00 - 14:00 y 16:00 - 21:00 | H53: 8 | I53: 11:00 - 14:00 y 16:00 - 21:00 | J53: 8 | K53: 11:00 - 14:00 y 16:00 - 21:00 | L53: 8 | M53: 11:00 - 14:00 y 16:00 - 21:00 | N53: 8 | O53: LIBRE | P53: 0 | Q53: =D53+F53+H53+J53+L53+N53+P53 -> 40
A54: ECI SAN JOSÉ DE VALDERAS | B54: ALBERTO | C54: LIBRE | D54: 0 | E54: LIBRE | F54: 0 | G54: 12:00 - 15:00 y 16:00 - 21:00 | H54: 8 | I54: 12:00 - 15:00 y 16:00 - 21:00 | J54: 8 | K54: 12:00 - 15:00 y 16:00 - 21:00 | L54: 8 | M54: 12:00 - 15:00 y 16:00 - 21:00 | N54: 8 | O54: 12:00 - 15:00 y 16:00 - 21:00 | P54: 8 | Q54: =D54+F54+H54+J54+L54+N54+P54 -> 40
Q55: =SUM(Q40:Q54) -> 595
P57: Total: | Q57: =Q19+Q37+Q55 -> 1553

Sheet DICIEMBRE V1
A2: W49
A3: CENTRO | B3: Lunes 1 | D3: Martes 2 | F3: Miercoles 3 | H3: Jueves 4 | J3: Viernes 5 | L3: Sabado 6 | N3: Domingo 7 | P3: total | Q3: Comentarios
A4: ECI LEÓN | B4: LIBRE | C4: 0 | E4: 0 | G4: 0 | H4: 12:00 - 14:00 y 15:00 - 21:00 | I4: 8 | J4: 12:00 - 14:00 y 15:00 - 21:00 | K4: 8 | L4: 12:00 - 14:00 y 15:00 - 21:00 | M4: 8 | N4: LIBRE | O4: 0 | P4: 24
A5: ECI COSTA MIJAS | B5: 12:00 - 14:00 y 15:00 - 21:00 | C5: 8 | D5: 12:00 - 14:00 y 15:00 - 21:00 | E5: 8 | F5: LIBRE | G5: 0 | H5: 12:00 - 14:00 y 15:00 - 21:00 | I5: 8 | J5: 12:00 - 15:00 y 16:00 - 21:00 | K5: 8 | L5: 12:00 - 15:00 y 16:00 - 21:00 | M5: 8 | N5: LIBRE | O5: 0 | P5: 40 | Q5: día de libranza modificado por libranza de la competencia
A6: ECI BAHÍA MÁLAGA | B6: 11:00 - 14:00 y 16:00 - 21:00 | C6: 8 | D6: 12:00 - 14:00 y 15:00 - 21:00 | E6: 8 | F6: LIBRE | G6: 0 | H6: LIBRE | I6: 0 | J6: 11:00 - 14:00 y 16:00 - 21:00 | K6: 8 | L6: LIBRE | M6: 8 | N6: LIBRE | O6: 0 | P6: 32 | Q6: día de libranza modificado por libranza de la competencia
A7: ECI CORNELLÁ | B7: 12:00 - 14:00 y 15:00 - 21:00 | C7: 8 | D7: LIBRE | E7: 0 | F7: 12:00 - 14:00 y 15:00 - 21:00 | G7: 8 | H7: LIBRE | I7: 0 | J7: 12:00 - 14:00 y 15:00 - 21:00 | K7: 8 | L7: LIBRE | M7: 8 | N7: LIBRE | O7: 0 | P7: 32
A8: ECI PLAZA DEL DUQUE | B8: 12:00 - 14:00 y 15:00 - 21:00 | C8: 8 | D8: LIBRE | E8: 0 | F8: 12:00 - 14:00 y 15:00 - 21:00 | G8: 8 | H8: LIBRE | I8: 0 | J8: 12:00 - 14:00 y 15:00 - 21:00 | K8: 8 | L8: LIBRE | M8: 8 | N8: LIBRE | O8: 0 | P8: 32
A9: ECI TALAVERA | B9: 12:00 - 14:00 y 15:00 - 21:00 | C9: 8 | D9: 12:00 - 14:00 y 15:00 - 21:00 | E9: 8 | F9: LIBRE | G9: 0 | H9: 12:00 - 14:00 y 15:00 - 21:00 | I9: 8 | J9: 12:00 - 14:00 y 15:00 - 21:00 | K9: 8 | L9: LIBRE | M9: 8 | N9: LIBRE | O9: 0 | P9: 40
A10: ECI ZARAGOZA ( SAGASTA) | B10: 12:00 - 14:00 y 15:00 - 21:00 | C10: 8 | D10: LIBRE | E10: 0 | F10: 12:00 - 14:00 y 15:00 - 21:00 | G10: 8 | H10: 12:00 - 14:00 y 15:00 - 21:00 | I10: 8 | J10: 12:00 - 14:00 y 15:00 - 21:00 | K10: 8 | L10: 12:00 - 14:00 y 15:00 - 21:00 | M10: 8 | N10: LIBRE | O10: 0 | P10: 40 | Q10: 8h a pagar BF
A11: ECI ÁLCALA DE HENARES | B11: 12:00 - 14:00 y 15:00 - 21:00 | C11: 0 | E11: 0 | G11: 0 | I11: 0 | K11: 0 | O11: 0 | P11: 0
A12: ECI RONDA CÓRDOBA | B12: 12:00 - 15:00 y 16:00 - 21:00 | C12: 8 | D12: 16:00 -21:00 | E12: 6 | F12: LIBRE | G12: 0 | H12: 15:30 -21:00 | I12: 6.5 | J12: 15:30 -21:00 | K12: 6.5 | L12: 12:00 - 15:00 y 16:00 - 21:00 | M12: 8 | N12: LIBRE | O12: 0 | P12: 35 | Q12: día de libranza modificado por libranza de la competencia
A13: ECI SALAMANCA | B13: 12:00 - 14:00 y 15:00 - 21:00 | C13: 8 | D13: 12:00 - 14:00 y 15:00 - 21:00 | E13: 8 | F13: LIBRE | G13: 0 | H13: LIBRE | I13: 0 | J13: 12:00 - 14:00 y 15:00 - 21:00 | K13: 8 | L13: 12:00 - 14:00 y 15:00 - 21:00 | M13: 8 | N13: LIBRE | O13: 0 | P13: 32
A14: ECI GUADALAJARA | B14: 12:00 - 14:00 y 15:00 - 21:00 | C14: 8 | D14: LIBRE | E14: 0 | F14: LIBRE | G14: 0 | H14: 12:00 - 14:00 y 15:00 - 21:00 | I14: 8 | J14: 12:00 - 14:00 y 15:00 - 21:00 | K14: 8 | L14: LIBRE | M14: 8 | N14: LIBRE | O14: 0 | P14: 32
A15: ECI HUELVA | C15: 0 | E15: 0 | G15: 0 | I15: 0 | K15: 0 | L15: LIBRE | N15: LIBRE | O15: 0 | P15: 0
A16: ECI A CORUÑA | B16: 12:00 - 14:00 y 15:00 - 21:00 | C16: 8 | D16: 12:00 - 14:00 y 15:00 - 21:00 | E16: 8 | F16: LIBRE | G16: 0 | H16: 12:00 - 14:00 y 15:00 - 21:00 | I16: 8 | J16: 12:00 - 14:00 y 15:00 - 21:00 | K16: 8 | L16: LIBRE | M16: 8 | N16: LIBRE | O16: 0 | P16: 40 | Q16: Ha pedido modificación en la libranza por temas personales
A17: ECI PAMPLONA | B17: 11:00 - 14:00 y 16:00 - 21:00 | C17: 8 | D17: LIBRE | E17: 0 | F17: LIBRE | G17: 0 | H17: 11:00 - 14:00 y 16:00 - 21:00 | I17: 8 | J17: 11:00 - 14:00 y 16:00 - 21:00 | K17: 8 | L17: 11:00 - 14:00 y 16:00 - 21:00 | M17: 8 | N17: LIBRE | O17: 0 | P17: 32 | Q17: día de libranza modificado por libranza de la competencia
A18: ECI SAN JOSÉ DE VALDERAS | B18: 12:00 - 14:00 y 15:00 - 21:00 | C18: 8 | D18: LIBRE | E18: 0 | F18: LIBRE | G18: 0 | H18: 12:00 - 14:00 y 15:00 - 21:00 | I18: 8 | J18: 12:00 - 14:00 y 15:00 - 21:00 | K18: 8 | L18: 12:00 - 14:00 y 15:00 - 21:00 | M18: 8 | N18: 12:00 - 14:00 y 15:00 - 21:00 | O18: 8 | P18: 40
A20: W50
A21: CENTRO | B21: Lunes 8 | D21: Martes 9 | F21: Miercoles 10 | H21: Jueves 11 | J21: Viernes 12 | L21: Sabado 13 | N21: Domingo 14 | P21: total | Q21: Comentarios
A22: ECI LEÓN | B22: 12:00 - 14:00 y 15:00 - 21:00 | C22: 8 | D22: 12:00 - 14:00 y 15:00 - 21:00 | E22: 8 | F22: LIBRE | G22: 0 | H22: 12:00 - 14:00 y 15:00 - 21:00 | I22: 8 | J22: 12:00 - 14:00 y 15:00 - 21:00 | K22: 8 | L22: 12:00 - 14:00 y 15:00 - 21:00 | M22: 8 | N22: LIBRE | O22: 0
A23: ECI COSTA MIJAS | B23: FESTIVO | C23: 0 | D23: 12:00 - 14:00 y 15:00 - 21:00 | E23: 8 | F23: LIBRE | G23: 0 | H23: 12:00 - 15:00 y 16:00 - 21:00 | I23: 8 | J23: 12:00 - 15:00 y 16:00 - 21:00 | K23: 8 | L23: 12:00 - 15:00 y 16:00 - 21:00 | M23: 8 | N23: 12:00 - 15:00 y 16:00 - 21:00 | O23: 8 | P23: 40
A24: ECI BAHÍA MÁLAGA | B24: FESTIVO | C24: 8 | D24: LIBRE | E24: 0 | F24: 11:00 - 14:00 y 16:00 - 21:00 | G24: 8 | H24: LIBRE | I24: 0 | J24: 11:00 - 14:00 y 16:00 - 21:00 | K24: 8 | L24: 11:00 - 14:00 y 16:00 - 21:00 | M24: 8 | N24: 11:00 - 14:00 y 16:00 - 21:00 | O24: 8 | P24: 48
A25: ECI CORNELLÁ | B25: FESTIVO | C25: 0 | D25: 12:00 - 14:00 y 15:00 - 21:00 | E25: 8 | F25: 12:00 - 14:00 y 15:00 - 21:00 | G25: 8 | H25: 12:00 - 14:00 y 15:00 - 21:00 | I25: 8 | J25: 12:00 - 14:00 y 15:00 - 21:00 | K25: 8 | L25: 12:00 - 14:00 y 15:00 - 21:00 | M25: 8 | N25: LIBRE | O25: 0 | P25: 40
A26: ECI PLAZA DEL DUQUE | B26: FESTIVO | C26: 0 | D26: 12:00 - 14:00 y 15:00 - 21:00 | E26: 8 | F26: 12:00 - 14:00 y 15:00 - 21:00 | G26: 8 | H26: LIBRE | I26: 0 | J26: 12:00 - 14:00 y 15:00 - 21:00 | K26: 8 | L26: 12:00 - 14:00 y 15:00 - 21:00 | M26: 8 | N26: 12:00 - 14:00 y 15:00 - 21:00 | O26: 8 | P26: 40
A27: ECI TALAVERA | B27: 12:00 - 14:00 y 15:00 - 21:00 | C27: 8 | D27: LIBRE | E27: 0 | F27: LIBRE | G27: 0 | H27: 12:00 - 14:00 y 15:00 - 21:00 | I27: 8 | J27: 12:00 - 14:00 y 15:00 - 21:00 | K27: 8 | L27: 12:00 - 14:00 y 15:00 - 21:00 | M27: 8 | N27: 12:00 - 14:00 y 15:00 - 21:00 | O27: 8 | P27: 48
A28: ECI ZARAGOZA ( SAGASTA) | B28: 12:00 - 14:00 y 15:00 - 21:00 | C28: 8 | D28: LIBRE | E28: 0 | F28: 12:00 - 14:00 y 15:00 - 21:00 | G28: 8 | H28: LIBRE | I28: 0 | J28: 12:00 - 14:00 y 15:00 - 21:00 | K28: 8 | L28: 12:00 - 14:00 y 15:00 - 21:00 | M28: 8 | N28: 12:00 - 14:00 y 15:00 - 21:00 | O28: 8 | P28: 40
A29: ECI ÁLCALA DE HENARES | B29: LIBRE | C29: 0 | D29: LIBRE | E29: 0 | P29: 40
A30: ECI RONDA CÓRDOBA | B30: FESTIVO | C30: 0 | D30: 12:00 - 15:00 y 16:00 - 21:00 | E30: 8 | F30: 12:00 - 15:00 y 16:00 - 21:00 | G30: 8 | H30: 12:00 - 15:00 y 16:00 - 21:00 | I30: 8 | J30: 12:00 - 15:00 y 16:00 - 21:00 | K30: 8 | L30: 12:00 - 15:00 y 16:00 - 21:00 | M30: 8 | N30: LIBRE | O30: 0 | P30: 40
A31: ECI SALAMANCA | B31: FESTIVO | C31: 8 | D31: 12:00 - 14:00 y 15:00 - 21:00 | E31: 8 | F31: LIBRE | G31: 0 | H31: LIBRE | I31: 0 | J31: 12:00 - 14:00 y 15:00 - 21:00 | K31: 8 | L31: 12:00 - 14:00 y 15:00 - 21:00 | M31: 8 | N31: 12:00 - 14:00 y 15:00 - 21:00 | O31: 8 | P31: 40
A32: ECI GUADALAJARA | B32: FESTIVO | C32: 0 | D32: 12:00 - 14:00 y 15:00 - 21:00 | E32: 8 | F32: LIBRE | G32: 0 | H32: 12:00 - 14:00 y 15:00 - 21:00 | I32: 8 | J32: 12:00 - 14:00 y 15:00 - 21:00 | K32: 8 | L32: 12:00 - 14:00 y 15:00 - 21:00 | M32: 8 | N32: 12:00 - 14:00 y 15:00 - 21:00 | O32: 8 | P32: 40 | Q32: 8h a pagar BF
A33: ECI HUELVA | B33: LIBRE | C33: 0 | F33: 11:00 - 14:00 y 16:00 - 21:00 | G33: 8 | H33: 11:00 - 14:00 y 16:00 - 21:00 | I33: 8 | J33: 11:00 - 14:00 y 16:00 - 21:00 | K33: 8 | L33: 11:00 - 14:00 y 16:00 - 21:00 | M33: 8 | N33: LIBRE | O33: 0 | P33: 40 | Q33: entra miercoles 10/12
A34: ECI A CORUÑA | B34: FESTIVO | C34: 8 | D34: 12:00 - 14:00 y 15:00 - 21:00 | E34: 8 | F34: 12:00 - 14:00 y 15:00 - 21:00 | G34: 8 | H34: LIBRE | I34: 0 | J34: 12:00 - 14:00 y 15:00 - 21:00 | K34: 8 | L34: 12:00 - 14:00 y 15:00 - 21:00 | M34: 8 | N34: LIBRE | O34: 0 | P34: 40 | Q34: 8h a pagar BF
A35: ECI PAMPLONA | B35: 11:00 - 14:00 y 16:00 - 21:00 | C35: 8 | D35: LIBRE | E35: 0 | F35: 11:00 - 14:00 y 16:00 - 21:00 | G35: 8 | H35: 11:00 - 14:00 y 16:00 - 21:00 | I35: 8 | J35: 11:00 - 14:00 y 16:00 - 21:00 | K35: 8 | L35: 11:00 - 14:00 y 16:00 - 21:00 | M35: 8 | N35: LIBRE | O35: 0 | P35: 48
A36: ECI SAN JOSÉ DE VALDERAS | B36: FESTIVO | C36: 0 | D36: LIBRE | E36: 0 | F36: 12:00 - 14:00 y 15:00 - 21:00 | G36: 8 | H36: 10:30 - 13:30 y 16:30 - 21:30 | I36: 8 | J36: 12:00 - 14:00 y 15:00 - 21:00 | K36: 8 | L36: 12:00 - 14:00 y 15:00 - 21:00 | M36: 8 | N36: 12:00 - 14:00 y 15:00 - 21:00 | O36: 8 | P36: 40 | Q36: 8h a pagar BF
N37: *Todos las provincias que ABREN
A38: W51
A39: CENTRO | B39: Lunes 15 | D39: Martes 16 | F39: Miercoles 17 | H39: Jueves 18 | J39: Viernes 19 | L39: Sabado 20 | N39: Domingo 21 | P39: total | Q39: Comentarios
A40: ECI LEÓN | B40: 12:00 - 14:00 y 15:00 - 21:00 | C40: 8 | D40: 12:00 - 14:00 y 15:00 - 21:00 | E40: 8 | F40: LIBRE | G40: 0 | H40: 12:00 - 14:00 y 15:00 - 21:00 | I40: 8 | J40: 12:00 - 14:00 y 15:00 - 21:00 | K40: 8 | L40: 12:00 - 14:00 y 15:00 - 21:00 | M40: 8 | N40: LIBRE | O40: 0 | P40: 40
A41: ECI COSTA MIJAS | B41: LIBRE | C41: 0 | D41: 12:00 - 14:00 y 15:00 - 21:00 | E41: 8 | F41: 12:00 - 14:00 y 15:00 - 21:00 | G41: 8 | H41: LIBRE | I41: 0 | J41: 12:00 - 14:00 y 15:00 - 21:00 | K41: 8 | L41: 12:00 - 14:00 y 15:00 - 21:00 | M41: 8 | N41: 12:00 - 15:00 y 16:00 - 21:00 | O41: 8 | P41: 40
A42: ECI BAHÍA MÁLAGA | B42: 11:00 - 14:00 y 16:00 - 21:00 | C42: 8 | D42: LIBRE | E42: 0 | F42: 11:00 - 14:00 y 16:00 - 21:00 | G42: 8 | H42: LIBRE | I42: 0 | J42: 11:00 - 14:00 y 16:00 - 21:00 | K42: 8 | L42: 11:00 - 14:00 y 16:00 - 21:00 | M42: 8 | N42: 11:00 - 14:00 y 16:00 - 21:00 | O42: 8 | P42: 40
A43: ECI CORNELLÁ | B43: LIBRE | C43: 0 | D43: 12:00 - 14:00 y 15:00 - 21:00 | E43: 8 | F43: 12:00 - 14:00 y 15:00 - 21:00 | G43: 8 | H43: 12:00 - 14:00 y 15:00 - 21:00 | I43: 8 | J43: 12:00 - 14:00 y 15:00 - 21:00 | K43: 8 | L43: 12:00 - 14:00 y 15:00 - 21:00 | M43: 8 | N43: LIBRE | O43: 0 | P43: 40
A44: ECI PLAZA DEL DUQUE | B44: LIBRE | C44: 0 | D44: 12:00 - 14:00 y 15:00 - 21:00 | E44: 8 | F44: 12:00 - 14:00 y 15:00 - 21:00 | G44: 8 | H44: LIBRE | I44: 0 | J44: 12:00 - 14:00 y 15:00 - 21:00 | K44: 8 | L44: 12:00 - 14:00 y 15:00 - 21:00 | M44: 8 | N44: 12:00 - 14:00 y 15:00 - 21:00 | O44: 8 | P44: 40
A45: ECI TALAVERA | B45: LIBRE | C45: 0 | D45: 12:00 - 14:00 y 15:00 - 21:00 | E45: 8 | F45: LIBRE | G45: 0 | H45: 12:00 - 14:00 y 15:00 - 21:00 | I45: 8 | J45: 12:00 - 14:00 y 15:00 - 21:00 | K45: 8 | L45: 12:00 - 14:00 y 15:00 - 21:00 | M45: 8 | N45: 12:00 - 14:00 y 15:00 - 21:00 | O45: 8 | P45: 40
A46: ECI ZARAGOZA ( SAGASTA) | B46: 12:00 - 14:00 y 15:00 - 21:00 | C46: 8 | D46: LIBRE | E46: 0 | F46: LIBRE | G46: 0 | H46: 12:00 - 14:00 y 15:00 - 21:00 | I46: 8 | J46: 12:00 - 14:00 y 15:00 - 21:00 | K46: 8 | L46: 12:00 - 14:00 y 15:00 - 21:00 | M46: 8 | N46: 12:00 - 14:00 y 15:00 - 21:00 | O46: 8 | P46: 40
A47: ECI ÁLCALA DE HENARES | B47: LIBRE | C47: 0 | D47: LIBRE | E47: 0 | F47: 12:00 - 14:00 y 15:00 - 21:00 | G47: 8 | H47: 12:00 - 14:00 y 15:00 - 21:00 | I47: 8 | J47: 12:00 - 14:00 y 15:00 - 21:00 | K47: 8 | L47: 12:00 - 14:00 y 15:00 - 21:00 | M47: 8 | N47: 12:00 - 14:00 y 15:00 - 21:00 | O47: 8 | P47: 40
A48: ECI RONDA CÓRDOBA | B48: LIBRE | C48: 0 | D48: 12:00 - 15:00 y 16:00 - 21:00 | E48: 8 | F48: 12:00 - 15:00 y 16:00 - 21:00 | G48: 8 | H48: 12:00 - 15:00 y 16:00 - 21:00 | I48: 8 | J48: 12:00 - 15:00 y 16:00 - 21:00 | K48: 8 | L48: 12:00 - 15:00 y 16:00 - 21:00 | M48: 8 | N48: LIBRE | O48: 0 | P48: 40
A49: ECI SALAMANCA | B49: 12:00 - 14:00 y 15:00 - 21:00 | C49: 8 | D49: 12:00 - 14:00 y 15:00 - 21:00 | E49: 8 | F49: LIBRE | G49: 0 | H49: LIBRE | I49: 0 | J49: 12:00 - 14:00 y 15:00 - 21:00 | K49: 8 | L49: 12:00 - 14:00 y 15:00 - 21:00 | M49: 8 | N49: 12:00 - 14:00 y 15:00 - 21:00 | O49: 8 | P49: 40
A50: ECI GUADALAJARA | B50: 12:00 - 14:00 y 15:00 - 21:00 | C50: 8 | D50: LIBRE | E50: 0 | F50: LIBRE | G50: 0 | H50: 12:00 - 14:00 y 15:00 - 21:00 | I50: 8 | J50: 12:00 - 14:00 y 15:00 - 21:00 | K50: 8 | L50: 12:00 - 14:00 y 15:00 - 21:00 | M50: 8 | N50: 12:00 - 14:00 y 15:00 - 21:00 | O50: 8 | P50: 40
A51: ECI HUELVA | B51: 10:30 - 13:30 y 16:00 - 21:00 | C51: 8 | D51: 10:30 - 13:30 y 16:00 - 21:00 | E51: 8 | F51: LIBRE | G51: 0 | H51: 10:30 - 13:30 y 16:00 - 21:00 | I51: 8 | J51: 10:00 - 14:00 y 17:00 - 21:00 | K51: 8 | L51: 10:00 - 14:00 y 17:00 - 21:00 | M51: 8 | N51: LIBRE | O51: 0 | P51: 40
... A54: ECI SAN JOSÉ DE VALDERAS | B54: LIBRE | C54: 0 | D54: LIBRE | E54: 0 | F54: 12:00 - 15:00 y 16:00 - 21:00 | G54: 8 | H54: 12:00 - 15:00 y 16:00 - 21:00 | I54: 8 | J54: 12:00 - 15:00 y 16:00 - 21:00 | K54: 8 | L54: 12:00 - 15:00 y 16:00 - 21:00 | M54: 8 | N54: 12:00 - 14:00 y 15:00 - 21:00 | O54: 8 | P54: 40
N55: *Todos las provincias que ABREN
A56: W52
A57: CENTRO | B57: Lunes 22 | D57: Martes 23 | F57: Miercoles 24 | H57: Jueves 25 | J57: Viernes 26 | L57: Sabado 27 | N57: Domingo 28 | P57: total | Q57: Comentarios
A58: ECI LEÓN | B58: 12:00 - 14:00 y 15:00 - 21:00 | C58: 8 | D58: 12:00 - 14:00 y 15:00 - 21:00 | E58: 8 | F58: LIBRE | G58: 0 | H58: FESTIVO | I58: 8 | J58: 12:00 - 14:00 y 15:00 - 21:00 | K58: 8 | L58: 12:00 - 14:00 y 15:00 - 21:00 | M58: 8 | N58: LIBRE | O58: 0 | P58: 40
A59: ECI COSTA MIJAS | B59: LIBRE | C59: 0 | D59: 12:00 - 14:00 y 15:00 - 21:00 | E59: 8 | F59: 10:00 - 14:00 | G59: 4 | H59: LIBRE | I59: 0 | J59: 12:00 - 14:00 y 15:00 - 21:00 | K59: 8 | L59: 12:00 - 14:00 y 15:00 - 21:00 | M59: 8 | N59: 12:00 - 15:00 y 16:00 - 21:00 | O59: 8 | P59: 48
A60: ECI BAHÍA MÁLAGA | B60: 11:00 - 14:00 y 16:00 - 21:00 | C60: 8 | D60: LIBRE | E60: 0 | F60: 10:00 - 14:00 | G60: 4 | H60: LIBRE | I60: 0 | J60: 11:00 - 14:00 y 16:00 - 21:00 | K60: 8 | L60: 11:00 - 14:00 y 16:00 - 21:00 | M60: 8 | N60: 11:00 - 14:00 y 16:00 - 21:00 | O60: 8 | P60: 36
A61: ECI CORNELLÁ | B61: 12:00 - 14:00 y 15:00 - 21:00 | C61: 8 | D61: 12:00 - 14:00 y 15:00 - 21:00 | E61: 8 | F61: 10:00 - 14:00 | G61: 4 | H61: FESTIVO | I61: 8 | J61: FESTIVO | K61: 8 | L61: 12:00 - 14:00 y 15:00 - 21:00 | M61: 8 | N61: LIBRE | O61: 0 | P61: 44
A62: ECI PLAZA DEL DUQUE | B62: 12:00 - 14:00 y 15:00 - 21:00 | C62: 8 | D62: 12:00 - 14:00 y 15:00 - 21:00 | E62: 8 | F62: LIBRE | G62: 0 | H62: LIBRE | I62: 0 | J62: 12:00 - 14:00 y 15:00 - 21:00 | K62: 8 | L62: 12:00 - 14:00 y 15:00 - 21:00 | M62: 8 | N62: 12:00 - 14:00 y 15:00 - 21:00 | O62: 8 | P62: 40
A63: ECI TALAVERA | B63: 12:00 - 14:00 y 15:00 - 21:00 | C63: 8 | D63: 12:00 - 14:00 y 15:00 - 21:00 | E63: 8 | F63: LIBRE | G63: 0 | H63: FESTIVO | I63: 0 | J63: 12:00 - 14:00 y 15:00 - 21:00 | K63: 8 | L63: 12:00 - 14:00 y 15:00 - 21:00 | M63: 8 | N63: 12:00 - 14:00 y 15:00 - 21:00 | O63: 8 | P63: 48
A64: ECI ZARAGOZA ( SAGASTA) | B64: 12:00 - 14:00 y 15:00 - 21:00 | C64: 8 | D64: LIBRE | E64: 0 | F64: LIBRE | G64: 0 | H64: FESTIVO | I64: 8 | J64: 12:00 - 14:00 y 15:00 - 21:00 | K64: 8 | L64: 12:00 - 14:00 y 15:00 - 21:00 | M64: 8 | N64: 12:00 - 14:00 y 15:00 - 21:00 | O64: 8 | P64: 40
A65: ECI ÁLCALA DE HENARES | B65: 12:00 - 14:00 y 15:00 - 21:00 | C65: 8 | D65: LIBRE | E65: 0 | F65: 10:00 - 14:00 | G65: 4 | H65: FESTIVO | I65: 0 | J65: 12:00 - 14:00 y 15:00 - 21:00 | K65: 8 | L65: 12:00 - 14:00 y 15:00 - 21:00 | M65: 8 | N65: 12:00 - 14:00 y 15:00 - 21:00 | O65: 8 | P65: 44
A66: ECI RONDA CÓRDOBA | B66: 12:00 - 15:00 y 16:00 - 21:00 | C66: 8 | D66: 12:00 - 15:00 y 16:00 - 21:00 | E66: 8 | F66: 10:00 - 14:00 | G66: 4 | H66: FESTIVO | I66: 0 | J66: 12:00 - 15:00 y 16:00 - 21:00 | K66: 8 | L66: 12:00 - 15:00 y 16:00 - 21:00 | M66: 8 | N66: LIBRE | O66: 0 | P66: 44
A67: ECI SALAMANCA | B67: 17:00- 21:00 | C67: 4 | D67: 12:00 - 14:00 y 15:00 - 21:00 | E67: 8 | F67: LIBRE | G67: 0 | H67: LIBRE | I67: 0 | J67: 12:00 - 14:00 y 15:00 - 21:00 | K67: 8 | L67: 12:00 - 14:00 y 15:00 - 21:00 | M67: 8 | N67: 12:00 - 14:00 y 15:00 - 21:00 | O67: 8 | P67: 40
A68: ECI GUADALAJARA | B68: 12:00 - 14:00 y 15:00 - 21:00 | C68: 8 | D68: 17:00- 21:00 | E68: 4 | F68: 10:00 - 14:00 | G68: 4 | H68: FESTIVO | I68: 0 | J68: 12:00 - 14:00 y 15:00 - 21:00 | K68: 8 | L68: 12:00 - 14:00 y 15:00 - 21:00 | M68: 8 | N68: 12:00 - 14:00 y 15:00 - 21:00 | O68: 8 | P68: 44
A69: ECI HUELVA | B69: 10:30 - 13:30 y 16:00 - 21:00 | C69: 8 | D69: 10:30 - 13:30 y 16:00 - 21:00 | E69: 8 | F69: LIBRE | G69: 0 | H69: FESTIVO | I69: 8 | J69: 10:00 - 14:00 y 17:00 - 21:00 | K69: 8 | L69: 10:00 - 14:00 y 17:00 - 21:00 | M69: 8 | N69: LIBRE | O69: 0 | P69: 44
... A72: ECI SAN JOSÉ DE VALDERAS | B72: LIBRE | C72: 0 | D72: LIBRE | E72: 0 | F72: 10:00 - 14:00 | G72: 4 | H72: FESTIVO | I72: 8 | J72: 12:00 - 15:00 y 16:00 - 21:00 | K72: 8 | L72: 12:00 - 15:00 y 16:00 - 21:00 | M72: 8 | N72: 12:00 - 14:00 y 15:00 - 21:00 | O72: 8 | P72: 44
N73: *Todos las provincias que ABREN
A75: W53
A76: CENTRO | B76: Lunes 29 | D76: Martes 30 | F76: Miercoles 31 | H76: Jueves 1 | J76: Viernes 2 | L76: Sabado 3 | N76: Domingo 4 | P76: total | Q76: Comentarios
A77: ECI LEÓN | B77: 17:00- 21:00 | C77: 4 | D77: 12:00 - 14:00 y 15:00 - 21:00 | E77: 8 | F77: 10:00 - 14:00 | G77: 4 | H77: FESTIVO | I77: 8 | J77: 12:00 - 14:00 y 15:00 - 21:00 | K77: 8 | L77: 12:00 - 14:00 y 15:00 - 21:00 | M77: 8 | N77: LIBRE | O77: 0 | P77: 44
A78: ECI COSTA MIJAS | B78: 17:00- 21:00 | C78: 4 | D78: 12:00 - 14:00 y 15:00 - 21:00 | E78: 8 | F78: LIBRE | G78: 0 | H78: FESTIVO | I78: 8 | J78: 12:00 - 14:00 y 15:00 - 21:00 | K78: 8 | L78: 12:00 - 14:00 y 15:00 - 21:00 | M78: 8 | N78: 12:00 - 15:00 y 16:00 - 21:00 | O78: 8 | P78: 44
A79: ECI BAHÍA MÁLAGA | B79: 11:00 - 14:00 y 16:00 - 21:00 | C79: 8 | D79: 17:00- 21:00 | E79: 4 | F79: LIBRE | G79: 0 | H79: FESTIVO | I79: 8 | J79: 11:00 - 14:00 y 16:00 - 21:00 | K79: 8 | L79: 11:00 - 14:00 y 16:00 - 21:00 | M79: 8 | N79: 11:00 - 14:00 y 16:00 - 21:00 | O79: 8 | P79: 32
A80: ECI CORNELLÁ | B80: 17:00- 21:00 | C80: 4 | D80: 12:00 - 14:00 y 15:00 - 21:00 | E80: 8 | F80: LIBRE | G80: 0 | H80: FESTIVO | I80: 8 | J80: 12:00 - 14:00 y 15:00 - 21:00 | K80: 8 | L80: 12:00 - 14:00 y 15:00 - 21:00 | M80: 8 | N80: LIBRE | O80: 0 | P80: 40
A81: ECI PLAZA DEL DUQUE | B81: 17:00- 21:00 | C81: 4 | D81: 12:00 - 14:00 y 15:00 - 21:00 | E81: 8 | F81: 10:00 - 14:00 | G81: 4 | H81: FESTIVO | I81: 8 | J81: 12:00 - 14:00 y 15:00 - 21:00 | K81: 8 | L81: 12:00 - 14:00 y 15:00 - 21:00 | M81: 8 | N81: LIBRE | O81: 0 | P81: 36
A82: ECI TALAVERA | B82: 17:00- 21:00 | C82: 4 | D82: 12:00 - 14:00 y 15:00 - 21:00 | E82: 8 | F82: 10:00 - 14:00 | G82: 4 | H82: FESTIVO | I82: 0 | J82: 12:00 - 14:00 y 15:00 - 21:00 | K82: 8 | L82: 12:00 - 14:00 y 15:00 - 21:00 | M82: 8 | N82: 12:00 - 14:00 y 15:00 - 21:00 | O82: 8 | P82: 44
A83: ECI ZARAGOZA ( SAGASTA) | B83: 12:00 - 14:00 y 15:00 - 21:00 | C83: 8 | D83: 17:00- 21:00 | E83: 4 | F83: 10:00 - 14:00 | G83: 4 | H83: FESTIVO | I83: 8 | J83: 12:00 - 14:00 y 15:00 - 21:00 | K83: 8 | L83: 12:00 - 14:00 y 15:00 - 21:00 | M83: 8 | N83: LIBRE | O83: 0 | P83: 36
A84: ECI ÁLCALA DE HENARES | B84: 12:00 - 14:00 y 15:00 - 21:00 | C84: 8 | D84: 17:00- 21:00 | E84: 4 | F84: LIBRE | G84: 0 | H84: FESTIVO | I84: 8 | J84: 12:00 - 14:00 y 15:00 - 21:00 | K84: 8 | L84: 12:00 - 14:00 y 15:00 - 21:00 | M84: 8 | N84: 12:00 - 14:00 y 15:00 - 21:00 | O84: 8 | P84: 40
A85: ECI RONDA CÓRDOBA | B85: 12:00 - 15:00 y 16:00 - 21:00 | C85: 8 | D85: 12:00 - 15:00 y 16:00 - 21:00 | E85: 8 | F85: 10:00 - 14:00 | G85: 4 | H85: FESTIVO | I85: 8 | J85: 12:00 - 15:00 y 16:00 - 21:00 | K85: 8 | L85: 12:00 - 15:00 y 16:00 - 21:00 | M85: 8 | N85: LIBRE | O85: 0 | P85: 40
A86: ECI SALAMANCA | B86: 12:00 - 14:00 y 15:00 - 21:00 | C86: 8 | D86: 12:00 - 14:00 y 15:00 - 21:00 | E86: 8 | F86: 10:00 - 14:00 | G86: 4 | H86: FESTIVO | I86: 8 | J86: 12:00 - 14:00 y 15:00 - 21:00 | K86: 8 | L86: 12:00 - 14:00 y 15:00 - 21:00 | M86: 8 | N86: LIBRE | O86: 0 | P86: 36
A87: ECI GUADALAJARA | B87: 12:00 - 14:00 y 15:00 - 21:00 | C87: 8 | D87: 12:00 - 14:00 y 15:00 - 21:00 | E87: 8 | F87: LIBRE | G87: 0 | H87: FESTIVO | I87: 0 | J87: 12:00 - 14:00 y 15:00 - 21:00 | K87: 8 | L87: 12:00 - 14:00 y 15:00 - 21:00 | M87: 8 | N87: 12:00 - 14:00 y 15:00 - 21:00 | O87: 8 | P87: 40
A88: ECI HUELVA | B88: 17:00- 21:00 | C88: 4 | D88: 10:30 - 13:30 y 16:00 - 21:00 | E88: 8 | F88: 10:00 - 14:00 | G88: 4 | H88: FESTIVO | I88: 8 | J88: 10:00 - 14:00 y 17:00 - 21:00 | K88: 8 | L88: 10:00 - 14:00 y 17:00 - 21:00 | M88: 8 | N88: LIBRE | O88: 0 | P88: 40
... A91: ECI SAN JOSÉ DE VALDERAS | B91: 12:00 - 15:00 y 16:00 - 21:00 | C91: 8 | D91: 17:00- 21:00 | E91: 4 | F91: LIBRE | G91: 0 | H91: FESTIVO | I91: 8 | J91: 12:00 - 15:00 y 16:00 - 21:00 | K91: 8 | L91: 12:00 - 15:00 y 16:00 - 21:00 | M91: 8 | N91: 12:00 - 14:00 y 15:00 - 21:00 | O91: 8 | P91: 40

Sheet DICIEMBRE V2
A2: W49
A3: CENTRO | B3: Lunes 1 | D3: Martes 2 | F3: Miercoles 3 | H3: Jueves 4 | J3: Viernes 5 | L3: Sabado 6 | N3: Domingo 7 | P3: total | Q3: Comentarios
A4: ECI LEÓN | B4: LIBRE | C4: 0 | E4: 0 | G4: 0 | H4: 12:00 - 14:00 y 15:00 - 21:00 | I4: 8 | J4: 12:00 - 14:00 y 15:00 - 21:00 | K4: 8 | L4: 12:00 - 14:00 y 15:00 - 21:00 | M4: 8 | N4: LIBRE | O4: 0 | P4: =C4+E4+G4+I4+K4+M4+O4 -> 24
A5: ECI COSTA MIJAS | B5: 12:00 - 14:00 y 15:00 - 21:00 | C5: 8 | D5: 12:00 - 14:00 y 15:00 - 21:00 | E5: 8 | F5: LIBRE | G5: 0 | H5: 12:00 - 14:00 y 15:00 - 21:00 | I5: 8 | J5: 12:00 - 15:00 y 16:00 - 21:00 | K5: 8 | L5: 12:00 - 15:00 y 16:00 - 21:00 | M5: 8 | N5: LIBRE | O5: 0 | P5: =C5+E5+G5+I5+K5+M5+O5 -> 40 | Q5: día de libranza modificado por libranza de la competencia
A6: ECI BAHÍA MÁLAGA | B6: 11:00 - 14:00 y 16:00 - 21:00 | C6: 8 | D6: 12:00 - 14:00 y 15:00 - 21:00 | E6: 8 | F6: LIBRE | G6: 0 | H6: LIBRE | I6: 0 | J6: 11:00 - 14:00 y 16:00 - 21:00 | K6: 8 | L6: LIBRE | M6: 8 | N6: LIBRE | O6: 0 | P6: =C6+E6+G6+I6+K6+M6+O6 -> 32 | Q6: día de libranza modificado por libranza de la competencia
A7: ECI CORNELLÁ | B7: 12:00 - 14:00 y 15:00 - 21:00 | C7: 8 | D7: LIBRE | E7: 0 | F7: 12:00 - 14:00 y 15:00 - 21:00 | G7: 8 | H7: LIBRE | I7: 0 | J7: 12:00 - 14:00 y 15:00 - 21:00 | K7: 8 | L7: LIBRE | M7: 8 | N7: LIBRE | O7: 0 | P7: =C7+E7+G7+I7+K7+M7+O7 -> 32
A8: ECI PLAZA DEL DUQUE | B8: 12:00 - 14:00 y 15:00 - 21:00 | C8: 8 | D8: LIBRE | E8: 0 | F8: 12:00 - 14:00 y 15:00 - 21:00 | G8: 8 | H8: LIBRE | I8: 0 | J8: 12:00 - 14:00 y 15:00 - 21:00 | K8: 8 | L8: LIBRE | M8: 8 | N8: LIBRE | O8: 0 | P8: =C8+E8+G8+I8+K8+M8+O8 -> 32
A9: ECI TALAVERA | B9: 12:00 - 14:00 y 15:00 - 21:00 | C9: 8 | D9: 12:00 - 14:00 y 15:00 - 21:00 | E9: 8 | F9: LIBRE | G9: 0 | H9: 12:00 - 14:00 y 15:00 - 21:00 | I9: 8 | J9: 12:00 - 14:00 y 15:00 - 21:00 | K9: 8 | L9: LIBRE | M9: 8 | N9: LIBRE | O9: 0 | P9: =C9+E9+G9+I9+K9+M9+O9 -> 40
A10: ECI ZARAGOZA ( SAGASTA) | B10: 12:00 - 14:00 y 15:00 - 21:00 | C10: 8 | D10: LIBRE | E10: 0 | F10: 12:00 - 14:00 y 15:00 - 21:00 | G10: 8 | H10: 12:00 - 14:00 y 15:00 - 21:00 | I10: 8 | J10: 12:00 - 14:00 y 15:00 - 21:00 | K10: 8 | L10: 12:00 - 14:00 y 15:00 - 21:00 | M10: 8 | N10: LIBRE | O10: 0 | P10: =C10+E10+G10+I10+K10+M10+O10 -> 40 | Q10: 8h a pagar BF
A11: ECI ÁLCALA DE HENARES | B11: 12:00 - 14:00 y 15:00 - 21:00 | C11: 0 | E11: 0 | G11: 0 | I11: 0 | K11: 0 | O11: 0 | P11: =C11+E11+G11+I11+K11+M11+O11 -> 0
A12: ECI RONDA CÓRDOBA | B12: 12:00 - 15:00 y 16:00 - 21:00 | C12: 8 | D12: 16:00 -21:00 | E12: 6 | F12: LIBRE | G12: 0 | H12: 15:30 -21:00 | I12: 6.5 | J12: 15:30 -21:00 | K12: 6.5 | L12: 12:00 - 15:00 y 16:00 - 21:00 | M12: 8 | N12: LIBRE | O12: 0 | P12: =C12+E12+G12+I12+K12+M12+O12 -> 35 | Q12: día de libranza modificado por libranza de la competencia
A13: ECI SALAMANCA | B13: 12:00 - 14:00 y 15:00 - 21:00 | C13: 8 | D13: 12:00 - 14:00 y 15:00 - 21:00 | E13: 8 | F13: LIBRE | G13: 0 | H13: LIBRE | I13: 0 | J13: 12:00 - 14:00 y 15:00 - 21:00 | K13: 8 | L13: 12:00 - 14:00 y 15:00 - 21:00 | M13: 8 | N13: LIBRE | O13: 0 | P13: =C13+E13+G13+I13+K13+M13+O13 -> 32
A14: ECI GUADALAJARA | B14: 12:00 - 14:00 y 15:00 - 21:00 | C14: 8 | D14: LIBRE | E14: 0 | F14: LIBRE | G14: 0 | H14: 12:00 - 14:00 y 15:00 - 21:00 | I14: 8 | J14: 12:00 - 14:00 y 15:00 - 21:00 | K14: 8 | L14: LIBRE | M14: 8 | N14: LIBRE | O14: 0 | P14: =C14+E14+G14+I14+K14+M14+O14 -> 32
A15: ECI HUELVA | C15: 0 | E15: 0 | G15: 0 | I15: 0 | K15: 0 | L15: LIBRE | N15: LIBRE | O15: 0 | P15: =C15+E15+G15+I15+K15+M15+O15 -> 0
A16: ECI A CORUÑA | B16: 12:00 - 14:00 y 15:00 - 21:00 | C16: 8 | D16: 12:00 - 14:00 y 15:00 - 21:00 | E16: 8 | F16: LIBRE | G16: 0 | H16: 12:00 - 14:00 y 15:00 - 21:00 | I16: 8 | J16: 12:00 - 14:00 y 15:00 - 21:00 | K16: 8 | L16: LIBRE | M16: 8 | N16: LIBRE | O16: 0 | P16: =C16+E16+G16+I16+K16+M16+O16 -> 40 | Q16: Ha pedido modificación en la libranza por temas personales
A17: ECI PAMPLONA | B17: 11:00 - 14:00 y 16:00 - 21:00 | C17: 8 | D17: LIBRE | E17: 0 | F17: LIBRE | G17: 0 | H17: 11:00 - 14:00 y 16:00 - 21:00 | I17: 8 | J17: 11:00 - 14:00 y 16:00 - 21:00 | K17: 8 | L17: 11:00 - 14:00 y 16:00 - 21:00 | M17: 8 | N17: LIBRE | O17: 0 | P17: =C17+E17+G17+I17+K17+M17+O17 -> 32 | Q17: día de libranza modificado por libranza de la competencia
A18: ECI SAN JOSÉ DE VALDERAS | B18: 12:00 - 14:00 y 15:00 - 21:00 | C18: 8 | D18: LIBRE | E18: 0 | F18: LIBRE | G18: 0 | H18: 12:00 - 14:00 y 15:00 - 21:00 | I18: 8 | J18: 12:00 - 14:00 y 15:00 - 21:00 | K18: 8 | L18: 12:00 - 14:00 y 15:00 - 21:00 | M18: 8 | N18: 12:00 - 14:00 y 15:00 - 21:00 | O18: 8 | P18: =C18+E18+G18+I18+K18+M18+O18 -> 40
A20: W50
A21: CENTRO | B21: Lunes 8 | D21: Martes 9 | F21: Miercoles 10 | H21: Jueves 11 | J21: Viernes 12 | L21: Sabado 13 | N21: Domingo 14 | P21: total | Q21: Comentarios
A22: ECI LEÓN | B22: 12:00 - 14:00 y 15:00 - 21:00 | C22: 8 | D22: 12:00 - 14:00 y 15:00 - 21:00 | E22: 8 | F22: LIBRE | G22: 0 | H22: 12:00 - 14:00 y 15:00 - 21:00 | I22: 8 | J22: 12:00 - 14:00 y 15:00 - 21:00 | K22: 8 | L22: 12:00 - 14:00 y 15:00 - 21:00 | M22: 8 | N22: LIBRE | O22: 0 | P22: =C22+E22+G22+I22+K22+M22+O22 -> 40
A23: ECI COSTA MIJAS | B23: FESTIVO | C23: 0 | D23: 12:00 - 14:00 y 15:00 - 21:00 | E23: 8 | F23: LIBRE | G23: 0 | H23: 12:00 - 15:00 y 16:00 - 21:00 | I23: 8 | J23: 12:00 - 15:00 y 16:00 - 21:00 | K23: 8 | L23: 12:00 - 15:00 y 16:00 - 21:00 | M23: 8 | N23: 12:00 - 15:00 y 16:00 - 21:00 | O23: 8 | P23: =C23+E23+G23+I23+K23+M23+O23 -> 40
A24: ECI BAHÍA MÁLAGA | B24: FESTIVO | C24: 8 | D24: LIBRE | E24: 0 | F24: 11:00 - 14:00 y 16:00 - 21:00 | G24: 8 | H24: LIBRE | I24: 0 | J24: 11:00 - 14:00 y 16:00 - 21:00 | K24: 8 | L24: 11:00 - 14:00 y 16:00 - 21:00 | M24: 8 | N24: 11:00 - 14:00 y 16:00 - 21:00 | O24: 8 | P24: =C24+E24+G24+I24+K24+M24+O24 -> 40
A25: ECI CORNELLÁ | B25: FESTIVO | C25: 0 | D25: 12:00 - 14:00 y 15:00 - 21:00 | E25: 8 | F25: 12:00 - 14:00 y 15:00 - 21:00 | G25: 8 | H25: 12:00 - 14:00 y 15:00 - 21:00 | I25: 8 | J25: 12:00 - 14:00 y 15:00 - 21:00 | K25: 8 | L25: 12:00 - 14:00 y 15:00 - 21:00 | M25: 8 | N25: LIBRE | O25: 0 | P25: =C25+E25+G25+I25+K25+M25+O25 -> 40
